S.NO,"D.O DATE",S.LINE,"BILLED TO","SHIP NO","ADVANCE 1","CON NO.",SIZE,FROM,TO,"VEHICLE NO.","CON PICKUP DATE","CON OFFLOAD DATE","S.LINE HANDLE BY","TRANSPORT NAME","TRPT FREIGHT",REMARKS,"L FREIGHT","L INVO NO","L INVO DATE","REMARKS 2","CREDIT NOTE AMT","CREDIT NOTE NO","CREDIT NOTE DATE"
1,01/04/24,MSC,,NA,,CAIU7718183,40,NK/SONIPAT,DICT,HR55W0707,,,PANKAJ,KAUSHAL,1800,hj,,,,,,,
2,01/04/24,MSC,,NA,,TGHU8809895,40,NK/SONIPAT,DICT,HR55W0707,,,PANKAJ,KAUSHAL,1800,,,,,,,,
3,01/04/24,MSC,,NA,,MSCU5450141,40,NK/SONIPAT,DICT,HR55W0707,,,PANKAJ,KAUSHAL,1800,,,,,,,,
4,01/04/24,MSC,,NA,,UESU4586789,40,NK/SONIPAT,DICT,HR55W0707,,,PANKAJ,KAUSHAL,1800,,,,,,,,
5,01/04/24,MSC,,NA,,MEDU4916503,40,NK/SONIPAT,DICT,HR55W0707,,,PANKAJ,KAUSHAL,1800,,,,,,,,
6,01/04/24,MSC,,NA,,FFAU1691255,40,NK/SONIPAT,DICT,HR55W0707,,,PANKAJ,KAUSHAL,1800,,,,,,,,
7,01/04/24,MSC,,NA,,TXGU5400749,40,NK/SONIPAT,DICT,HR55W0707,,,PANKAJ,KAUSHAL,1800,,,,,,,,
8,01/04/24,MSC,,NA,,TCNU2017055,40,NK/SONIPAT,DICT,HR55W0707,,,PANKAJ,KAUSHAL,1800,,,,,,,,
9,01/04/24,MSC,,NA,,FFAU2215736,40,NK/SONIPAT,DICT,HR55W0707,,,PANKAJ,KAUSHAL,1800,,,,,,,,
10,01/04/24,MSC,,NA,,CAIU4488030,40,NK/SONIPAT,DICT,HR55W0707,,,PANKAJ,KAUSHAL,1800,,,,,,,,
11,01/04/24,MSC,,NA,,TGCU5010844,40,NK/SONIPAT,DICT,NL01AC7739,,,PANKAJ,SANTOSH,1800,,,,,,,,
12,01/04/24,MSC,,NA,,TCLU5552274,40,NK/SONIPAT,DICT,NL01AC7739,,,PANKAJ,SANTOSH,1800,,,,,,,,
13,01/04/24,MSC,,NA,,FCIU9184296,40,NK/SONIPAT,DICT,NL01AC7739,,,PANKAJ,SANTOSH,1800,,,,,,,,
14,01/04/24,MSC,,NA,,TGBU5603194,40,NK/SONIPAT,DICT,NL01AC7739,,,PANKAJ,SANTOSH,1800,,,,,,,,
15,01/04/24,MSC,,NA,,MEDU8695442,40,NK/SONIPAT,DICT,NL01AC7739,,,PANKAJ,SANTOSH,1800,,,,,,,,
16,01/04/24,MSC,,NA,,FCIU9077019,40,NK/SONIPAT,DICT,NL01AC7739,,,PANKAJ,SANTOSH,1800,,,,,,,,
17,01/04/24,MSC,,NA,,CARU9650983,40,NK/SONIPAT,DICT,NL01AC7739,,,PANKAJ,SANTOSH,1800,,,,,,,,
18,01/04/24,MSC,,NA,,TEMU8302701,40,NK/SONIPAT,DICT,NL01AC7739,,,PANKAJ,SANTOSH,1800,,,,,,,,
19,01/04/24,MSC,,NA,,TCLU5713548,40,NK/SONIPAT,DICT,NL01AC7739,,,PANKAJ,SANTOSH,1800,,,,,,,,
20,01/04/24,MSC,,NA,,MSDU5501514,40,NK/SONIPAT,DICT,NL01AC7739,,,PANKAJ,SANTOSH,1800,,,,,,,,
21,01/04/24,MSC,,NA,,MSCU7281020,40,NK/SONIPAT,DICT,HR46E5052,,,PANKAJ,RAJESH,1800,,,,,,,,
22,01/04/24,MSC,,NA,,TGHU6014992,40,NK/SONIPAT,DICT,HR46E5052,,,PANKAJ,RAJESH,1800,,,,,,,,
23,01/04/24,MSC,,NA,,TCNU1504906,40,NK/SONIPAT,DICT,HR46E5052,,,PANKAJ,RAJESH,1800,,,,,,,,
24,01/04/24,MSC,,NA,,TGBU7998513,40,NK/SONIPAT,DICT,HR46E5052,,,PANKAJ,RAJESH,1800,,,,,,,,
25,01/04/24,MSC,,NA,,MSCU5442017,40,NK/SONIPAT,DICT,HR46E5052,,,PANKAJ,RAJESH,1800,,,,,,,,
26,01/04/24,MSC,,NA,,CAIU4921200,40,NK/SONIPAT,DICT,HR46E5052,,,PANKAJ,RAJESH,1800,,,,,,,,
27,01/04/24,MSC,,NA,,BMOU4577013,40,NK/SONIPAT,DICT,NL01L2324,,,PANKAJ,RAJESH,1800,,,,,,,,
28,01/04/24,MSC,,NA,,TCLU9738760,40,NK/SONIPAT,DICT,NL01L2324,,,PANKAJ,RAJESH,1800,,,,,,,,
29,01/04/24,MSC,,NA,,INKU6583822,40,NK/SONIPAT,DICT,NL01L2324,,,PANKAJ,RAJESH,1800,,,,,,,,
30,01/04/24,MSC,,NA,,CAIU9853388,40,NK/SONIPAT,DICT,NL01L2324,,,PANKAJ,RAJESH,1800,,,,,,,,
31,01/04/24,MSC,,NA,,TCLU5278517,40,NK/SONIPAT,DICT,NL01L2324,,,PANKAJ,RAJESH,1800,,,,,,,,
32,01/04/24,MSC,,NA,,TCNU7731316,40,NK/SONIPAT,DICT,NL01L2324,,,PANKAJ,RAJESH,1800,,,,,,,,
33,01/04/24,MSC,,NA,,CAXU4975750,40,NK/SONIPAT,DICT,NL01L2324,,,PANKAJ,RAJESH,1800,,,,,,,,
34,01/04/24,MSC,,NA,,GLDU7275340,40,NK/SONIPAT,DICT,NL01L2324,,,PANKAJ,RAJESH,1800,,,,,,,,
35,01/04/24,MSC,,NA,,TEMU6892743,40,NK/SONIPAT,DICT,NL01L2324,,,PANKAJ,RAJESH,1800,,,,,,,,
36,01/04/24,MSC,,NA,,MSMU6796838,40,NK/SONIPAT,DICT,HR55W0707,,,PANKAJ,KAUSHAL,1800,,,,,,,,
37,01/04/24,MSC,,NA,,MSDU7171849,40,NK/SONIPAT,DICT,HR55W0707,,,PANKAJ,KAUSHAL,1800,,,,,,,,
38,01/04/24,MSC,,NA,,DFSU7730410,40,NK/SONIPAT,DICT,HR55W0707,,,PANKAJ,KAUSHAL,1800,,,,,,,,
39,01/04/24,MSC,,NA,,MEDU7636321,40,NK/SONIPAT,DICT,HR55W0707,,,PANKAJ,KAUSHAL,1800,,,,,,,,
40,01/04/24,MSC,,NA,,MSDU7742589,40,NK/SONIPAT,DICT,NL01AC7739,,,PANKAJ,SANTOSH,1800,,,,,,,,
41,01/04/24,MSC,,NA,,FCIU8280422,40,NK/SONIPAT,DICT,NL01AC7739,,,PANKAJ,SANTOSH,1800,,,,,,,,
42,01/04/24,MSC,,NA,,MSCU5209540,40,NK/SONIPAT,DICT,NL01L2324,,,,RAJESH,1800,,,,,,,,
43,01/04/24,MSC,,NA,,MSMU6806854,40,NK/SONIPAT,DICT,NL01L2324,,,,RAJESH,1800,,,,,,,,
44,01/04/24,MSC,,NA,,CAXU9150622,40,NK/SONIPAT,DICT,NL01L2324,,,,RAJESH,1800,,,,,,,,
45,01/04/24,MSC,,NA,,MSDU8491791,40,NK/SONIPAT,DICT,NL01L2324,,,,RAJESH,1800,,,,,,,,
46,01/04/24,MSC,,NA,,MEDU7472260,40,NK/SONIPAT,DICT,HR46E5052,,,,RAJESH,1800,,,,,,,,
47,01/04/24,MSC,,NA,,MSMU7657940,40,NK/SONIPAT,DICT,HR46E5052,,,,RAJESH,1800,,,,,,,,
48,01/04/24,MSC,,NA,,TGHU6018874,40,NK/SONIPAT,DICT,HR46E5052,,,,RAJESH,1800,,,,,,,,
49,01/04/24,MSC,,NA,,MEDU8988420,40,NK/SONIPAT,DICT,HR46E5052,,,,RAJESH,1800,,,,,,,,
50,01/04/24,MSC,,NA,,DFSU7112454,40,NK/SONIPAT,DICT,NL01L2324,,,,RAJESH,1800,,,,,,,,
51,01/04/24,TASS,,NA,,TLXU5404858,40,PIYALA,DADRI,GJ12BW2724,,,,GANPATI,5000,,,,,,,,
52,01/04/24,TASS,,NA,,TEMU2463838,20,LONI,DADRI,NL01L2325,,,,MANISH,2500,,,,,,,,
53,01/04/24,TASS,,NA,,CAIU2204263,20,LONI,DADRI,NL01L2325,,,,MANISH,2500,,,,,,,,
54,01/04/24,MSC,,NA,,CAIU7168214,40,WILL/SONIPAT,WILL/PATHLI,HR55V0354,,,,SONU,5000,,,,,,,,
55,01/04/24,MSC,,NA,,CAIU9033326,40,WILL/SONIPAT,WILL/PATHLI,NL01AC7201,,,,JAY,5000,,,,,,,,
56,01/04/24,MSC,,NA,,INKU2433985,40,WILL/SONIPAT,WILL/PATHLI,NL01AC7739,,,,SANTOSH,5000,,,,,,,,
57,01/04/24,MSC,,NA,,TGHU6183056,40,WILL/SONIPAT,WILL/PATHLI,HR58B4767,,,,JAY,5000,,,,,,,,
58,01/04/24,MSC,,NA,,MEDU7015999,40,WILL/SONIPAT,WILL/PATHLI,NL01AE7201,,,,JAY,5000,,,,,,,,
59,01/04/24,MSC,,NA,,FFAU1368284,40,WILL/SONIPAT,WILL/PATHLI,NL01AE7201,,,,JAY,5000,,,,,,,,
60,01/04/24,MSC,,NA,,CLHU8452863,40,WILL/SONIPAT,WILL/PATHLI,NL01AG9555,,,,JITENDER,5000,,,,,,,,
61,01/04/24,MSC,,NA,,MSDU5490810,40,WILL/SONIPAT,WILL/PATHLI,NL01V3340,,,,JITENDER,5000,,,,,,,,
62,01/04/24,MSC,,NA,,TGBU4510158,40,WILL/SONIPAT,WILL/PATHLI,NL01AG1246,,,,JITENDER,5000,,,,,,,,
63,01/04/24,MSC,,NA,,FFAU3989233,40,WILL/SONIPAT,WILL/PATHLI,NL01AG7201,,,,JAY,5000,,,,,,,,
64,01/04/24,HAPAG,,15795800,,FFAU2203740,40,MDPT,PIYALA,GJ12BY3249,,,,TRIPTI,,,,,,,,,
65,01/04/24,HAPAG,,15795800,,TGBU5865574,40,MDPT,PIYALA,GJ27TT3834,,,,TRIPTI,,,,,,,,,
66,01/04/24,HAPAG,,15795800,,HLBU2703373,40,MDPT,PIYALA,GJ39T0087,,,,TRIPTI,,,,,,,,,
67,01/04/24,HAPAG,,15795800,,FCIU7435366,40,MDPT,PIYALA,GJ18AX9348,,,,JIYA,,,,,,,,,
68,01/04/24,HAPAG,,15795800,,HAMU1271763,40,MDPT,PIYALA,GJ39T1992,,,,JIYA,,,,,,,,,
69,01/04/24,HAPAG,,15795800,,TGHU6228844,40,MDPT,PIYALA,GJ12CT2941,,,,JIYA,,,,,,,,,
70,01/04/24,HAPAG,,15795800,,TCNU1940849,40,MDPT,PIYALA,GJ12BW5841,,,,JIYA,,,,,,,,,
71,01/04/24,HAPAG,,15795800,,BMOU5619983,40,MDPT,PIYALA,GJ18AZ9037,,,,JIYA,,,,,,,,,
72,01/04/24,HAPAG,,15795800,,HLBU1632505,40,MDPT,PIYALA,GJ12AT9101,,,,TRIPTI,,,,,,,,,
73,01/04/24,HAPAG,,15795800,,FANU1126176,40,MDPT,PIYALA,GJ12BT1551,,,,TRIPTI,,,,,,,,,
74,01/04/24,HAPAG,,15795800,,FANU3425670,40,MDPT,PIYALA,GJ18BV2195,,,,JIYA,,,,,,,,,
75,01/04/24,HAPAG,,15795800,,TXGU7128007,40,MDPT,PIYALA,GJ12BY4332,,,,JIYA,,,,,,,,,
76,01/04/24,HAPAG,,15795800,,HLBU1072210,40,MDPT,PIYALA,GJ12BV6238,,,,JIYA,,,,,,,,,
77,01/04/24,HAPAG,,15795800,,HLBU1492825,40,MDPT,PIYALA,GJ01BY6080,,,,TRIPTI,,,,,,,,,
78,01/04/24,HAPAG,,15795800,,HLBU1884410,40,MDPT,PIYALA,GJ01BV3106,,,,JIYA,,,,,,,,,
79,01/04/24,HAPAG,,15795800,,HLBU3309940,40,MDPT,PIYALA,GJ12AT7249,,,,TRIPTI,,,,,,,,,
80,01/04/24,HAPAG,,15795800,,HLBU1849086,40,MDPT,PIYALA,GJ12BY4731,,,,TRIPTI,,,,,,,,,
81,01/04/24,HAPAG,,15795800,,HLXU8361531,40,MDPT,PIYALA,GJ12AT7180,,,,TRIPTI,,,,,,,,,
82,01/04/24,HAPAG,,15795800,,HLXU8181458,40,MDPT,PIYALA,GJ12AU8448,,,,TRIPTI,,,,,,,,,
83,01/04/24,HAPAG,,15795800,,HLBU1941103,40,MDPT,PIYALA,GJ12BT1551,,,,TRIPTI,,,,,,,,,
84,01/04/24,MSC,,NA,,GLDU5586045,20,PALWAL,SONIPAT,NL01AG3638,,,,PATHAK,4750,,,,,,,,
85,01/04/24,MSC,,NA,,MSMU1933795,20,PALWAL,SONIPAT,NL01AG3638,,,,PATHAK,4750,,,,,,,,
86,01/04/24,MSC,,NA,,MSCU3075308,20,PALWAL,SONIPAT,HR55U4531,,,,PATHAK,4750,,,,,,,,
87,01/04/24,MSC,,NA,,MSMU1930076,20,PALWAL,SONIPAT,HR55U4531,,,,PATHAK,4750,,,,,,,,
88,01/04/24,MSC,,NA,,TEMU2080504,20,PALWAL,SONIPAT,HR55P6857,,,,PATHAK,4750,,,,,,,,
89,01/04/24,MSC,,NA,,CXDU1296599,20,PALWAL,SONIPAT,HR55P6857,,,,PATHAK,4750,,,,,,,,
90,01/04/24,MSC,,NA,,MSDU2143377,20,PALWAL,SONIPAT,NL06OG3638,,,,PATHAK,4750,,,,,,,,
91,01/04/24,MSC,,NA,,CAIU2962134,20,PALWAL,SONIPAT,NL06OG3638,,,,PATHAK,4750,,,,,,,,
92,01/04/24,MSC,,NA,,CAXU3233782,20,PALWAL,SONIPAT,HR55S6258,,,,GULJARI,4750,,,,,,,,
93,01/04/24,MSC,,NA,,TCKU1672079,20,PALWAL,SONIPAT,HR55S6258,,,,GULJARI,4750,,,,,,,,
94,02/04/24,MSC,,NA,,MSMU1931365,20,PALWAL,SONIPAT,HR55U4531,,,,PATHAK,4750,,,,,,,,
95,02/04/24,MSC,,NA,,TGBU3147074,20,PALWAL,SONIPAT,HR55U4531,,,,PATHAK,4750,,,,,,,,
96,02/04/24,MSC,,NA,,MSMU2557239,20,PALWAL,SONIPAT,HR55U7328,,,,PATHAK,4750,,,,,,,,
97,02/04/24,MSC,,NA,,MSDU2945990,20,PALWAL,SONIPAT,HR55U7328,,,,PATHAK,4750,,,,,,,,
98,02/04/24,MSC,,NA,,MSMU1944280,20,PALWAL,SONIPAT,HR55P6857,,,,PATHAK,4750,,,,,,,,
99,02/04/24,MSC,,NA,,MSMU1949404,20,PALWAL,SONIPAT,HR55P6857,,,,PATHAK,4750,,,,,,,,
100,02/04/24,MSC,,NA,,GLDU3841650,20,PALWAL,SONIPAT,HR55S6258,,,,GULJARI,4750,,,,,,,,
101,02/04/24,MSC,,NA,,TRHU2002932,20,PALWAL,SONIPAT,HR55S6258,,,,GULJARI,4750,,,,,,,,
102,02/04/24,MSC,,NA,,FCIU2558429,20,PALWAL,SONIPAT,NL01AG3638,,,,PATHAK,4750,,,,,,,,
103,02/04/24,MSC,,NA,,MEDU2510222,20,PALWAL,SONIPAT,NL01AG3638,,,,PATHAK,4750,,,,,,,,
104,02/04/24,MSC,,NA,,MSNU1425930,20,PALWAL,SONIPAT,HR55P6857,,,,PATHAK,4750,,,,,,,,
105,02/04/24,MSC,,NA,,FTAU1431830,20,PALWAL,SONIPAT,HR55P6857,,,,PATHAK,4750,,,,,,,,
106,02/04/24,MSC,,NA,,CXDU1953100,20,PALWAL,SONIPAT,HR55U4531,,,,PATHAK,4750,,,,,,,,
107,02/04/24,MSC,,NA,,MSMU2679263,20,PALWAL,SONIPAT,HR55U4531,,,,PATHAK,4750,,,,,,,,
108,02/04/24,MSC,,NA,,FCIU5953263,20,PALWAL,SONIPAT,HR55S6258,,,,GULJARI,4750,,,,,,,,
109,02/04/24,MSC,,NA,,MSMU2751223,20,PALWAL,SONIPAT,HR55S6258,,,,GULJARI,4750,,,,,,,,
110,02/04/24,MSC,,NA,,MSDU1097976,20,PALWAL,SONIPAT,NL01AC7739,,,,SANTOSH,4750,,,,,,,,
111,02/04/24,MSC,,NA,,CAAU2058870,20,PALWAL,SONIPAT,NL01AC7739,,,,SANTOSH,4750,,,,,,,,
112,02/04/24,MSC,,NA,,MSMU2160977,20,PALWAL,SONIPAT,NL01AC7739,,,,SANTOSH,4750,,,,,,,,
113,02/04/24,MSC,,NA,,MEDU2622958,20,PALWAL,SONIPAT,NL01AC7739,,,,SANTOSH,4750,,,,,,,,
114,02/04/24,MSC,,NA,,DFSU6503027,40,SONIPAT,DADRI,HR38T2370,,,,"SK LOG",4500,,,,,,,,
115,02/04/24,MSC,,NA,,TGHU9397940,40,SONIPAT,DADRI,NL01L5191,,,,"SK LOG",4500,,,,,,,,
116,02/04/24,MSC,,NA,,DFSU6491991,40,SONIPAT,DADRI,HR55N6887,,,,"SK LOG",4500,,,,,,,,
117,02/04/24,MSC,,NA,,BSIU9111091,40,SONIPAT,DADRI,NL01N3343,,,,"SK LOG",4500,,,,,,,,
118,02/04/24,MSC,,NA,,MSMU5018077,40,SONIPAT,DADRI,RJ09GD3864,,,,VINUS,4500,,,,,,,,
119,02/04/24,MSC,,NA,,CAIU7843884,40,SONIPAT,DADRI,HR55AG9440,,,,VINUS,4500,,,,,,,,
120,02/04/24,MSC,,NA,,GLDU7408470,40,SONIPAT,DADRI,NL01N3317,,,,"SK LOG",4500,,,,,,,,
121,02/04/24,MSC,,NA,,TGBU6433277,40,SONIPAT,DADRI,HR55U3858,,,,"SK LOG",4500,,,,,,,,
122,02/04/24,MSC,,NA,,CLHU8712786,40,SONIPAT,DADRI,HR55W6887,,,,"SK LOG",4500,,,,,,,,
123,02/04/24,MSC,,NA,,BEAU5668601,40,SONIPAT,DADRI,NL01L5191,,,,"SK LOG",4500,,,,,,,,
124,03/04/24,CMA,,EAMC2402100,,TCNU3316683,40,SONIPAT,LUDHIANA,HR55W0707,,,,KAUSHAL,20000,,,,,,,,
125,03/04/24,CMA,,EAMC2402100,,APHU7410066,40,SONIPAT,LUDHIANA,HR46E5052,,,,RAJESH,20000,,,,,,,,
126,03/04/24,CMA,,EAMC2402100,,TRLU7434372,40,SONIPAT,LUDHIANA,NL01L2324,,,,RAJESH,20000,,,,,,,,
127,03/04/24,CMA,,EAMC2402100,,SEGU5068743,40,SONIPAT,LUDHIANA,RJ46GA3770,,,,VINOD,20000,,,,,,,,
128,03/04/24,CMA,,EAMC2402100,,DFSU7272299,40,SONIPAT,LUDHIANA,HR38T5271,,,,"SK LOG",20000,,,,,,,,
129,03/04/24,MSC,,NA,,MSMU5107810,40,NK/TKD,TKD,HR38AD5463,,,,MAHABALI,2000,,,,,,,,
130,03/04/24,MSC,,NA,,TCLU5689478,40,NK/TKD,TKD,HR38AD5463,,,,MAHABALI,2000,,,,,,,,
131,03/04/24,MSC,,NA,,TXGU5483379,40,NK/TKD,TKD,HR38AD5463,,,,MAHABALI,2000,,,,,,,,
132,03/04/24,MSC,,NA,,TCNU7045635,40,NK/TKD,TKD,HR55M8651,,,,MAHABALI,2000,,,,,,,,
133,03/04/24,MSC,,NA,,TLLU7584704,40,NK/TKD,TKD,NL01L0318,,,,MAHABALI,2000,,,,,,,,
134,04/04/24,MSC,,NA,,TCNU2363459,40,KASHIPUR,MORADABAD,UK06CB0297,,,,DLPL,6000,,,,,,,,
135,04/04/24,MSC,,NA,,TGBU6669581,40,KASHIPUR,MORADABAD,NL01K8033,,,,DLPL,6000,,,,,,,,
136,04/04/24,MSC,,NA,,MSMU8676298,40,KASHIPUR,MORADABAD,NL01G8654,,,,DLPL,6000,,,,,,,,
137,04/04/24,MSC,,NA,,MSDU7710940,40,KASHIPUR,MORADABAD,NL01L1628,,,,DLPL,6000,,,,,,,,
138,04/04/24,MSC,,NA,,MSDU7297159,40,KASHIPUR,MORADABAD,NL01G8654,,,,DLPL,6000,,,,,,,,
139,04/04/24,MSC,,NA,,MSMU6466630,40,KASHIPUR,MORADABAD,NL01K8033,,,,DLPL,6000,,,,,,,,
140,04/04/24,MSC,,NA,,MSDU7025783,40,KASHIPUR,MORADABAD,UK06CB0297,,,,DLPL,6000,,,,,,,,
141,04/04/24,MSC,,NA,,MSMU8920953,40,KASHIPUR,MORADABAD,HR55N3447,,,,DLPL,6000,,,,,,,,
142,04/04/24,MSC,,NA,,TGBU6441312,40,KASHIPUR,MORADABAD,NL01G8654,,,,DLPL,6000,,,,,,,,
143,04/04/24,MSC,,NA,,CAAU5012127,40,KASHIPUR,MORADABAD,UK06CB0297,,,,DLPL,6000,,,,,,,,
144,04/04/24,MSC,,NA,,MSMU4916359,40,KASHIPUR,MORADABAD,NL01G8654,,,,DLPL,6000,,,,,,,,
145,04/04/24,MSC,,NA,,MSCU5138663,40,KASHIPUR,MORADABAD,NL01K8033,,,,DLPL,6000,,,,,,,,
146,04/04/24,MSC,,NA,,MSMU7830011,40,KASHIPUR,MORADABAD,HR55N3447,,,,DLPL,6000,,,,,,,,
147,04/04/24,MSC,,NA,,TCLU5703046,40,KASHIPUR,MORADABAD,HR55N3447,,,,DLPL,6000,,,,,,,,
148,04/04/24,MSC,,NA,,FFAU2534034,40,KASHIPUR,MORADABAD,NL01L1628,,,,DLPL,6000,,,,,,,,
149,04/04/24,MSC,,NA,,MEDU4672578,40,KASHIPUR,MORADABAD,UK06CA9807,,,,DLPL,6000,,,,,,,,
150,04/04/24,MSC,,NA,,TRHU7182288,40,KASHIPUR,MORADABAD,UK06CA9807,,,,DLPL,6000,,,,,,,,
151,04/04/24,MSC,,NA,,MSMU8881944,40,KASHIPUR,MORADABAD,NL01L1628,,,,DLPL,6000,,,,,,,,
152,04/04/24,MSC,,NA,,MEDU7228079,40,KASHIPUR,MORADABAD,UK0CB0297,,,,DLPL,6000,,,,,,,,
153,04/04/24,MSC,,NA,,TCLU9513379,40,KASHIPUR,MORADABAD,HR55N3447,,,,DLPL,6000,,,,,,,,
154,04/04/24,EMIRATES,,NA,,ESDU4097328,40,UNI/PATHLI,DADRI,NL01L2325,,,,BC,7000,,,,,,,,
155,04/04/24,EMIRATES,,NA,,DRYU9868455,40,UNI/PATHLI,DADRI,NL01N3392,,,,OJHA,7000,,,,,,,,
156,04/04/24,EMIRATES,,NA,,ESDU4099660,40,UNI/PATHLI,DADRI,NL01AG3461,,,,RAI,7500,,,,,,,,
157,04/04/24,EMIRATES,,NA,,TEMU8148659,40,UNI/PATHLI,DADRI,NL01L2325,,,,BC,7000,,,,,,,,
158,04/04/24,EMIRATES,,NA,,ESDU4077050,40,UNI/PATHLI,DADRI,NL01L0090,,,,OJHA,7000,,,,,,,,
159,04/04/24,EMIRATES,,NA,,ESDU4099275,40,UNI/PATHLI,DADRI,NL01L0318,,,,SANGAM,7000,,,,,,,,
160,04/04/24,EMIRATES,,NA,,ESDU4099151,40,UNI/PATHLI,DADRI,NL01AG3460,,,,OJHA,7000,,,,,,,,
161,04/04/24,EMIRATES,,NA,,ESDU4064793,40,UNI/PATHLI,DADRI,NL01L2078,,,,SANTENDER,7000,,,,,,,,
162,04/04/24,EMIRATES,,NA,,ESDU4100890,40,UNI/PATHLI,DADRI,NL01L0087,,,,"OJHA JI",7000,,,,,,,,
163,04/04/24,EMIRATES,,NA,,ESDU4100289,40,UNI/PATHLI,DADRI,NL01L0318,,,,SANGAM,7000,,,,,,,,
164,04/04/24,TASS,,NA,,CAIU3161989,20,PIYALA,DADRI,NL01L0318,,,,BC,2500,,,,,,,,
165,04/04/24,TASS,,NA,,TLXU2007800,20,PIYALA,DADRI,NL01L0318,,,,BC,2500,,,,,,,,
166,04/04/24,EGI,,NA,,EGHU9519941,40,MBD,GDL,NL01AG1246,,,,JITENDER,10700,,,,,,,,
167,04/04/24,EGI,,NA,,EITU9204122,40,MBD,GDL,HR69C5924,,,,RAMAN/DADRI/4700,GDL/NL01AG3461/RAI/6000,,,,,,,,
168,05/04/24,TASS,,NA,,TLXU2023626,20,PIYALA,DADRI,HR55M8651,,,,BC,2500,,,,,,,,
169,05/04/24,TASS,,NA,,CAIU3632902,20,PIYALA,DADRI,HR55M8651,,,,BC,2500,,,,,,,,
170,05/04/24,MSC,,,,CAIU6151583,20,PALWAL,SONIPAT,HR46E5052,,,,RAJESH,4750,,,,,,,,
171,05/04/24,MSC,,,,CAIU3431277,20,PALWAL,SONIPAT,HR46E5052,,,,RAJESH,4750,,,,,,,,
172,05/04/24,MSC,,,,GLDU5045225,20,PALWAL,SONIPAT,NL01AC7739,,,,SANTOSH,4750,,,,,,,,
173,05/04/24,MSC,,,,FBIU0422200,20,PALWAL,SONIPAT,NL01AC7739,,,,SANTOSH,4750,,,,,,,,
174,05/04/24,MSC,,,,FCIU5948992,20,PALWAL,SONIPAT,NL01Q2078,,,,NISHA,4750,,,,,,,,
175,05/04/24,MSC,,,,CARU2745496,20,PALWAL,SONIPAT,NL01Q2078,,,,NISHA,4750,,,,,,,,
176,05/04/24,MSC,,,,TTNU1017048,20,PALWAL,SONIPAT,HR55S6258,,,,GULJARI,4750,,,,,,,,
177,05/04/24,MSC,,,,FTAU1461706,20,PALWAL,SONIPAT,HR55S6258,,,,GULJARI,4750,,,,,,,,
178,05/04/24,MSC,,,,MSDU2812174,20,PALWAL,SONIPAT,HR55U4531,,,,PATHAK,4750,,,,,,,,
179,05/04/24,MSC,,,,TCLU2756470,20,PALWAL,SONIPAT,HR55U4531,,,,PATHAK,4750,,,,,,,,
180,05/04/24,MSC,,,,MSMU2539678,20,PALWAL,SONIPAT,NL01AG3638,,,,PATHAK,4750,,,,,,,,
181,05/04/24,MSC,,,,MSCU2599384,20,PALWAL,SONIPAT,NL01AG3638,,,,PATHAK,4750,,,,,,,,
182,05/04/24,MSC,,,,MSCU6101165,20,PALWAL,SONIPAT,HR55P6857,,,,PATHAK,4750,,,,,,,,
183,05/04/24,MSC,,,,MSMU2603606,20,PALWAL,SONIPAT,HR55P6857,,,,PATHAK,4750,,,,,,,,
184,05/04/24,MSC,,,,TGHU2758975,20,PALWAL,SONIPAT,HR55U4531,,,,PATHAK,4750,,,,,,,,
185,05/04/24,MSC,,,,BEAU2967830,20,PALWAL,SONIPAT,HR55U4531,,,,PATHAK,4750,,,,,,,,
186,05/04/24,MSC,,,,TGHU0499520,20,PALWAL,SONIPAT,HR55P6857,,,,PATHAK,4750,,,,,,,,
187,05/04/24,MSC,,,,MSMU1654234,20,PALWAL,SONIPAT,HR55P6857,,,,PATHAK,4750,,,,,,,,
188,05/04/24,MSC,,,,CORU2619202,20,PALWAL,SONIPAT,NL01AG3638,,,,PATHAK,4750,,,,,,,,
189,05/04/24,MSC,,,,MEDU6562800,20,PALWAL,SONIPAT,NL01AG3638,,,,PATHAK,4750,,,,,,,,
190,05/04/24,HAPAG,,30793401,,FANU3050357,40,MDPT,PIYALA,GJ12AT7180,,,,TRIPTI,,,,,,,,,
191,05/04/24,HAPAG,,30793401,,BEAU4591212,40,MDPT,PIYALA,GJ12BY6568,,,,TRIPTI,,,,,,,,,
192,05/04/24,HAPAG,,30793401,,TCNU5838141,40,MDPT,PIYALA,GJ12BY0159,,,,TRIPTI,,,,,,,,,
193,05/04/24,HAPAG,,30793401,,HLBU2397566,40,MDPT,PIYALA,GJ12AZ8854,,,,TRIPTI,,,,,,,,,
194,05/04/24,HAPAG,,30793401,,CAAU5502736,40,MDPT,PIYALA,HR55T7071,,,,,,,,,,,,,
195,05/04/24,HAPAG,,30793401,,P,40,MDPT,PIYALA,,,,,,,,,,,,,,
196,05/04/24,HAPAG,,30793401,,P,40,MDPT,PIYALA,,,,,,,,,,,,,,
197,05/04/24,HAPAG,,30793401,,P,40,MDPT,PIYALA,,,,,,,,,,,,,,
198,05/04/24,HAPAG,,30793401,,P,40,MDPT,PIYALA,,,,,,,,,,,,,,
199,05/04/24,HAPAG,,30793401,,P,40,MDPT,PIYALA,,,,,,,,,,,,,,
200,05/04/24,HAPAG,,30793401,,P,40,MDPT,PIYALA,,,,,,,,,,,,,,
201,05/04/24,HAPAG,,30793401,,P,40,MDPT,PIYALA,,,,,,,,,,,,,,
202,05/04/24,HAPAG,,30793401,,P,40,MDPT,PIYALA,,,,,,,,,,,,,,
203,05/04/24,HAPAG,,30793401,,P,40,MDPT,PIYALA,,,,,,,,,,,,,,
204,05/04/24,HAPAG,,30793401,,P,40,MDPT,PIYALA,,,,,,,,,,,,,,
205,05/04/24,HAPAG,,30793401,,P,40,MDPT,PIYALA,,,,,,,,,,,,,,
206,05/04/24,HAPAG,,30793401,,P,40,MDPT,PIYALA,,,,,,,,,,,,,,
207,05/04/24,HAPAG,,30793401,,P,40,MDPT,PIYALA,,,,,,,,,,,,,,
208,05/04/24,HAPAG,,30793401,,P,40,MDPT,PIYALA,,,,,,,,,,,,,,
209,05/04/24,HAPAG,,30793401,,P,40,MDPT,PIYALA,,,,,,,,,,,,,,
210,08/04/24,TASS,,,,GESU1411016,20,PIYALA,DADRI,HR55M8651,,,,BC,2500,,,,,,,,
211,08/04/24,TASS,,,,TLXU3011722,20,PIYALA,DADRI,HR55M8651,,,,BC,2500,,,,,,,,
212,08/04/24,EGI,,,,TLLU4131432,40,DADRI,GDL,NL01L0090,,,,OJHA,6000,,,,,,,,
213,08/04/24,EGI,,,,DRYU9542936,40,DADRI,GDL,NL01AG3460,,,,OJHA,6000,,,,,,,,
214,08/04/24,EGI,,,,TGBU6536022,40,DADRI,GDL,NL01L0318,,,,BC,6000,,,,,,,,
215,08/04/24,EGI,,,,TGBU6773298,40,DADRI,GDL,NL01L2325,,,,BC,6000,,,,,,,,
216,08/04/24,EGI,,,,EMCU8307921,40,DADRI,GDL,NL01Q2078,,,,NSIHA,6000,,,,,,,,
217,08/04/24,EMIRATES,,,,ESDU3319605,20,UNI/PATHLI,SONIPAT,HR55V0354,,,,SONU,3750,,,,,,,,
218,08/04/24,EMIRATES,,,,ESDU3322785,20,UNI/PATHLI,SONIPAT,HR55V0354,,,,SONU,3750,,,,,,,,
219,08/04/24,EMIRATES,,,,ESDU1223295,20,UNI/PATHLI,SONIPAT,NL01AC7739,,,,RAY,3750,,,,,,,,
220,08/04/24,EMIRATES,,,,ESDU3304210,20,UNI/PATHLI,SONIPAT,NL01AC7739,,,,RAY,3750,,,,,,,,
221,08/04/24,EMIRATES,,,,ESDU1200638,20,UNI/PATHLI,SONIPAT,NL01AC7201,,,,RAY,3750,,,,,,,,
222,08/04/24,EMIRATES,,,,ESDU1208027,20,UNI/PATHLI,SONIPAT,NL01AC7201,,,,RAY,3750,,,,,,,,
223,08/04/24,EMIRATES,,,,ESDU1201640,20,UNI/PATHLI,SONIPAT,HR58B4767,,,,RAY,3750,,,,,,,,
224,08/04/24,EMIRATES,,,,ESDU1211231,20,UNI/PATHLI,SONIPAT,HR58B4767,,,,RAY,3750,,,,,,,,
225,08/04/24,EMIRATES,,,,ESDU3300934,20,UNI/PATHLI,SONIPAT,N01AE7201,,,,JAY,3750,,,,,,,,
226,08/04/24,EMIRATES,,,,ESDU3325948,20,UNI/PATHLI,SONIPAT,N01AE7201,,,,JAY,3750,,,,,,,,
227,08/04/24,MSC,,,,MEDU9400295,40,KASHIPUR,MORADABAD,NL01K8033,,,,DLPL,6000,,,,,,,,
228,08/04/24,MSC,,,,MSMU5062043,40,KASHIPUR,MORADABAD,NL01G8654,,,,DLPL,6000,,,,,,,,
229,08/04/24,MSC,,,,CXDU2057114,40,KASHIPUR,MORADABAD,UK06CB0297,,,,DLPL,6000,,,,,,,,
230,08/04/24,MSC,,,,MSMU7979509,40,KASHIPUR,MORADABAD,NL01L1628,,,,DLPL,6000,,,,,,,,
231,08/04/24,MSC,,,,MSMU5095725,40,KASHIPUR,MORADABAD,NL01L1628,,,,DLPL,6000,,,,,,,,
232,08/04/24,MSC,,,,CAIU8943379,40,KASHIPUR,MORADABAD,HR55N3447,,,,DLPL,6000,,,,,,,,
233,08/04/24,MSC,,,,FFAU3071675,40,KASHIPUR,MORADABAD,NL01K8033,,,,DLPL,6000,,,,,,,,
234,08/04/24,MSC,,,,MSDU6373064,40,KASHIPUR,MORADABAD,UK06CB0297,,,,DLPL,6000,,,,,,,,
235,08/04/24,MSC,,,,FFAU2171371,40,KASHIPUR,MORADABAD,NL01G8654,,,,DLPL,6000,,,,,,,,
236,08/04/24,MSC,,,,MEDU4930435,40,KASHIPUR,MORADABAD,UK06CB0297,,,,DLPL,6000,,,,,,,,
237,08/04/24,MSC,,,,MSMU1470216,20,PALWAL,SONIPAT,HR55S6258,,,,GULJARI,4500,,,,,,,,
238,08/04/24,MSC,,,,MSDU2561382,20,PALWAL,SONIPAT,HR55S6258,,,,GULJARI,4500,,,,,,,,
239,08/04/24,MSC,,,,MSNU1398584,20,PALWAL,SONIPAT,HR55R3372,,,,STS,4750,,,,,,,,
240,08/04/24,MSC,,,,MEDU3835691,20,PALWAL,SONIPAT,HR55R3372,,,,STS,4750,,,,,,,,
241,08/04/24,MSC,,,,SEGU2952956,20,PALWAL,SONIPAT,HR55S6258,,,,GULJARI,4500,,,,,,,,
242,08/04/24,MSC,,,,TLLU3272462,20,PALWAL,SONIPAT,HR55S6258,,,,GULJARI,4500,,,,,,,,
243,08/04/24,MSC,,,,TEMU5141440,20,PALWAL,SONIPAT,NL01AC7739,,,,SANTOSH,4500,,,,,,,,
244,08/04/24,MSC,,,,MSDU1179884,20,PALWAL,SONIPAT,NL01AC7739,,,,SANTOSH,4500,,,,,,,,
245,08/04/24,MSC,,,,MSNU1397227,20,PALWAL,SONIPAT,HR55U7328,,,,PATHAK,4500,,,,,,,,
246,08/04/24,MSC,,,,TCLU2545116,20,PALWAL,SONIPAT,HR55U7328,,,,PATHAK,4500,,,,,,,,
247,08/04/24,MSC,,,,MSNU1395728,20,PALWAL,SONIPAT,HR55P6857,,,,PATHAK,4500,,,,,,,,
248,08/04/24,MSC,,,,CAIU6811990,20,PALWAL,SONIPAT,HR55P6857,,,,PATHAK,4500,,,,,,,,
249,08/04/24,MSC,,,,MSDU1611679,20,PALWAL,SONIPAT,HR55U4531,,,,PATHAK,4500,,,,,,,,
250,08/04/24,MSC,,,,MSDU1057870,20,PALWAL,SONIPAT,HR55U4531,,,,PATHAK,4500,,,,,,,,
251,08/04/24,MSC,,,,FBIU0412095,20,PALWAL,SONIPAT,NL01G3638,,,,PATHAK,4500,,,,,,,,
252,08/04/24,MSC,,,,TCLU7639347,20,PALWAL,SONIPAT,NL01G3638,,,,PATHAK,4500,,,,,,,,
253,08/04/24,MSC,,,,MEDU5202162,20,PALWAL,SONIPAT,HR55R3372,,,,MMT,4750,,,,,,,,
254,08/04/24,MSC,,,,MSMU1766933,20,PALWAL,SONIPAT,HR55R3372,,,,MMT,4750,,,,,,,,
255,08/04/24,MSC,,,,TGBU2707024,20,PALWAL,SONIPAT,HR55S6258,,,,GULJARI,4750,,,,,,,,
256,08/04/24,MSC,,,,MSDU1442370,20,PALWAL,SONIPAT,HR55S6258,,,,GULJARI,4750,,,,,,,,
257,09/04/24,EGI,,,,EGHU9111230,40,DADRI,GDL,NL01L0087,,,,"SUMANT RAI",6000,,,,,,,,
258,09/04/24,EGI,,,,TEMU6393893,40,DADRI,GDL,NL01L2325,,,,BC,6000,,,,,,,,
259,09/04/24,EGI,,,,TRHU5073930,40,DADRI,GDL,NL01L0318,,,,BC,6000,,,,,,,,
260,09/04/24,EGI,,,,EISU8368257,40,DADRI,GDL,HR55M8651,,,,BC,6000,,,,,,,,
261,09/04/24,EGI,,,,GAOU6283779,40,DADRI,GDL,NL01L0090,,,,OJHA,6000,,,,,,,,
262,09/04/24,EGI,,,,TRHU6758764,40,DADRI,GDL,NL01AG3460,,,,OJHA,6000,,,,,,,,
263,09/04/24,EMIRATES,,,,ESDU4100329,40,UNI/PATHLI,DADRI,NL01L2325,,,,BC,7000,,,,,,,,
264,09/04/24,EMIRATES,,,,ESDU4100078,40,UNI/PATHLI,DADRI,HR55M8651,,,,BC,7000,,,,,,,,
265,09/04/24,EMIRATES,,,,ESDU4011999,40,UNI/PATHLI,DADRI,NL01L0318,,,,SANGAM,7000,,,,,,,,
266,09/04/24,EMIRATES,,,,ESDU7017990,40,UNI/PATHLI,DADRI,HR55V0451,,,,AMRENDER,7000,,,,,,,,
267,09/04/24,EMIRATES,,,,ESDU4042726,40,UNI/PATHLI,DADRI,NL01AG3461,,,,OJHA,7000,,,,,,,,
268,09/04/24,SAMSARA/TS,,,,BSIU3066190,20,DADRI,TKD,HR38Y1726,,,,SAZIYA,2500,,,,,,,,
269,09/04/24,SAMSARA/TS,,,,TSSU2218300,20,DADRI,TKD,HR38Y1726,,,,SAZIYA,2500,,,,,,,,
270,09/04/24,EMIRATES,,,,FCIU3681567,20,DADRI,SONIPAT,GJ12BZ7561,,,,SANMATI,3250,,,,,,,,
271,09/04/24,EMIRATES,,,,TEMU0699824,20,DADRI,SONIPAT,GJ12BZ7561,,,,SANMATI,3250,,,,,,,,
272,09/04/24,EMIRATES,,,,ESDU1213912,20,DADRI,SONIPAT,NL01Q2078,,,,NISHA,3500,,,,,,,,
273,09/04/24,EMIRATES,,,,BSIU2219145,20,DADRI,SONIPAT,NL01Q2078,,,,NISHA,3500,,,,,,,,
274,09/04/24,EMIRATES,,,,CLHU3898683,20,DADRI,SONIPAT,HR58B8261,,,,BC,3500,,,,,,,,
275,09/04/24,EMIRATES,,,,DFSU2164774,20,DADRI,SONIPAT,HR58B8261,,,,BC,3500,,,,,,,,
276,10/04/24,MSC,,,,TCNU9876303,40,KASHIPUR,DADRI/JCT,NL01K4671,,,,,,,,,,,,,
277,10/04/24,MSC,,,,TRHU8732687,40,PALWAL,DADRI,HR73B4124,,,,RINKU,5000,,,,,,,,
278,10/04/24,MSC,,,,MSCU4959453,40,PALWAL,DADRI,NL01AG1246,,,,JITENDER,5000,,,,,,,,
279,10/04/24,MSC,,,,FFAU3760674,40,PALWAL,DADRI,NL01N3343,,,,"SK LOG",5000,,,,,,,,
280,10/04/24,MSC,,,,MSCU4998038,40,PALWAL,DADRI,HR38W5911,,,,"SK LOG",5000,,,,,,,,
281,10/04/24,MSC,,,,MEDU7307096,40,PALWAL,DADRI,HR69C7777,,,,SANTOSH,5200,,,,,,,,
282,10/04/24,MSC,,,,MEDU7723730,40,PALWAL,DADRI,NL01N3342,,,,OJHA,5200,,,,,,,,
283,10/04/24,MSC,,,,MSDU6349915,40,PALWAL,DADRI,NL01L0090,,,,OJHA,5200,,,,,,,,
284,10/04/24,MSC,,,,MSMU4250560,40,PALWAL,DADRI,NL01AG1246,,,,JITENDER,5500,,,,,,,,
285,10/04/24,MSC,,,,MEDU7085255,40,PALWAL,DADRI,NL01AG9555,,,,JITENDER,5000,,,,,,,,
286,10/04/24,MSC,,,,FFAU1894150,40,PALWAL,DADRI,HR55S3708,,,,KARAN,5200,,,,,,,,
287,10/04/24,MSC,,,,FTAU1423650,20,PALWAL,SONIPAT,HR55R3372,,,,MMT,4750,,,,,,,,
288,10/04/24,MSC,,,,FTAU1247612,20,PALWAL,SONIPAT,HR55R3372,,,,MMT,4750,,,,,,,,
289,10/04/24,MSC,,,,MEDU6612285,20,PALWAL,SONIPAT,HR55R3372,,,,MMT,4750,,,,,,,,
290,10/04/24,MSC,,,,MSCU6889524,20,PALWAL,SONIPAT,HR55R3372,,,,MMT,4750,,,,,,,,
291,10/04/24,MSC,,,,FCIU2744850,20,PALWAL,SONIPAT,HR58B4767,,,,JAY,4750,,,,,,,,
292,10/04/24,MSC,,,,MSDU173062,20,PALWAL,SONIPAT,HR58B4767,,,,JAY,4750,,,,,,,,
293,10/04/24,MSC,,,,MEDU3641762,20,PALWAL,SONIPAT,HR46E5052,,,,RAJESH,4750,,,,,,,,
294,10/04/24,MSC,,,,MSMU1008147,20,PALWAL,SONIPAT,HR46E5052,,,,RAJESH,4750,,,,,,,,
295,10/04/24,MSC,,,,TEMU2474935,20,PALWAL,SONIPAT,HR55P6857,,,,PATHAK,4750,,,,,,,,
296,10/04/24,MSC,,,,MSMU2579768,20,PALWAL,SONIPAT,HR55P6857,,,,PATHAK,4750,,,,,,,,
297,10/04/24,MSC,,,,FCIU4680009,20,PALWAL,SONIPAT,HR55U4531,,,,PATHAK,4750,,,,,,,,
298,10/04/24,MSC,,,,DFSU2734408,20,PALWAL,SONIPAT,HR55U4531,,,,PATHAK,4750,,,,,,,,
299,10/04/24,MSC,,,,MSDU1532116,20,PALWAL,SONIPAT,HR55U7328,,,,PATHAK,4750,,,,,,,,
300,10/04/24,MSC,,,,MEDU2976099,20,PALWAL,SONIPAT,HR55U7328,,,,PATHAK,4750,,,,,,,,
301,10/04/24,MSC,,,,MSNU1394819,20,PALWAL,SONIPAT,NL01AG3638,,,,PATHAK,4750,,,,,,,,
302,10/04/24,MSC,,,,XINU1419076,20,PALWAL,SONIPAT,NL01AG3638,,,,PATHAK,4750,,,,,,,,
303,10/04/24,MSC,,,,CAXU6130880,20,PALWAL,SONIPAT,HR46E5052,,,,RAJESH,4750,,,,,,,,
304,10/04/24,MSC,,,,MSMU2713331,20,PALWAL,SONIPAT,HR46E5052,,,,RAJESH,4750,,,,,,,,
305,10/04/24,MSC,,,,MEDU3733508,20,PALWAL,SONIPAT,NL01AC7739,,,,SANTOSH,4750,,,,,,,,
306,10/04/24,MSC,,,,MSMU3404954,20,PALWAL,SONIPAT,NL01AC7739,,,,SANTOSH,4750,,,,,,,,
307,10/04/24,EGI,,,,BMOU4574800,40,DADRI,GDL,NL01AE3014,,,,"RADHE RADHE",6000,,,,,,,,
308,10/04/24,EGI,,,,TXGU5616620,40,DADRI,GDL,NL01AE9258,,,,"RADHE RADHE",6000,,,,,,,,
309,10/04/24,EGI,,,,EITU1451466,40,DADRI,GDL,RJ01GD0469,,,,"RADHE RADHE",6000,,,,,,,,
310,10/04/24,EGI,,,,EMCU8598998,40,DADRI,GDL,HR55M8651,,,,BC,6000,,,,,,,,
311,10/04/24,EGI,,,,CAAU5464600,40,DADRI,GDL,RJ01GD0604,,,,"RADHE RADHE",6000,,,,,,,,
312,10/04/24,EGI,,,,BMOU5005500,40,DADRI,GDL,RJ01GD0745,,,,"RADHE RADHE",6000,,,,,,,,
313,10/04/24,EGI,,,,EISU9238237,40,DADRI,GDL,RJ01GC3131,,,,"RADHE RADHE",6000,,,,,,,,
314,10/04/24,EGI,,,,DRYU9240221,40,DADRI,GDL,NL01L0318,,,,BC,6000,,,,,,,,
315,10/04/24,EGI,,,,TEMU6263329,40,DADRI,GDL,HR558B8261,,,,BC,6000,,,,,,,,
316,10/04/24,EGI,,,,HMCU9164047,40,DADRI,GDL,NL01L2324,,,,RAJESH,6000,,,,,,,,
317,10/04/24,CMA,,,,TCNU8888697,40,DICT,JODHPUR,GJ12BX0816,,,,RBT,17000,,,,,,,,
318,10/04/24,CMA,,,,SEGU4146667,40,DICT,JODHPUR,RJ07GB6775,,,,RBT,17000,,,,,,,,
319,10/04/24,CMA,,,,TRHU8288607,40,DICT,JODHPUR,RJ01GC9513,,,,TIRUPATI,17000,,,,,,,,
320,10/04/24,CMA,,,,GESU6807653,40,DICT,JODHPUR,RJ09GD0173,,,RJ48GA1220/JDHPUR.SURNEDER/9500,BALAJI/NSBD,7000,,,,,,,,
321,10/04/24,CMA,,,,CMAU5570417,40,DICT,JODHPUR,RJ01GC5671,,,RJ52GA1231/DIYA/JDHPUR/9500,BALAJI/NSBD,7000,,,,,,,,
322,10/04/24,CMA,,,,APHU7214021,40,DICT,JODHPUR,RJ01GD2326,,,,RAJDHANI,17000,,,,,,,,
323,10/04/24,CMA,,,,CAIU9727749,40,DICT,JODHPUR,RJ19GE7843,,,,RAJDHANI,17000,,,,,,,,
324,10/04/24,CMA,,,,TCNU4196140,40,DICT,JODHPUR,RJ01GB7708,,,,KHUSHI,17000,,,,,,,,
325,10/04/24,CMA,,,,CMAU5886236,40,DICT,JODHPUR,GJ12BX0816,,,,RAJDHANI,17000,,,,,,,,
326,10/04/24,CMA,,,,SEGU4401546,40,DICT,JODHPUR,RJ15GA4034,,,,RAJDHANI,17000,,,,,,,,
327,10/04/24,CMA,,EAMC2402236,,CMAU1211194,20,LUDHIANA/NK,MDPT,RJ01GD8749,,,,,,,,,,,,,
328,10/04/24,CMA,,EAMC2402237,,BMOU2165613,20,LUDHIANA/PGL,MDPT,NL01Q2078,,,,,,,,,,,,,
329,10/04/24,CMA,,EAMC2402234,,CANCEL,20,DADRI,MDPT,CANCEL,,,,,,,,,,,,,
330,10/04/24,CMA,,EAMC2402234,,CANCEL,20,DADRI,MDPT,CANCEL,,,,,,,,,,,,,
331,10/04/24,PIL,,,,PIDU4161881,40,MDPT,GDL,GJ12AT9619,,,,MDL,,,,,,,,,
332,10/04/24,PIL,,,,CAIU7081270,40,MDPT,GDL,GJ12BY2570,,,,MDL,,,,,,,,,
333,10/04/24,PIL,,,,PCIU8519060,40,MDPT,GDL,GJ12CT2737/LUDHIANA,"MOVE TO LUDHIANA","NEXT DATE 22/4/24",,MDL,,,,,,,,,
334,10/04/24,PIL,,,,PCIU8930451,40,MDPT,GDL,GJ12BT2625,,,,MDL,,,,,,,,,
335,10/04/24,PIL,,,,PILU8029881,40,MDPT,GDL,NL01AF4770,,,,MDL,,,,,,,,,
336,11/04/24,EGI,,,,EGHU9810284,40,DADRI,GDL,NL01AF2995,,,,"RADHE RADHE",6000,,,,,,,,
337,11/04/24,EGI,,,,EGHU9233829,40,DADRI,GDL,NL01AF2995,,,,"RADHE RADHE",6000,,,,,,,,
338,11/04/24,EGI,,,,DRYU9279835,40,DADRI,GDL,RJ01GB0282,,,,"RADHE RADHE",6000,,,,,,,,
339,11/04/24,EGI,,,,EGHU9094024,40,DADRI,GDL,RJ01GD0603,,,,"RADHE RADHE",6000,,,,,,,,
340,11/04/24,EGI,,,,BMOU5766310,40,DADRI,GDL,RJ01GC9659,,,,"RADHE RADHE",6000,,,,,,,,
341,11/04/24,EGI,,,,TGBU8617680,40,DADRI,GDL,RJ01GD0283,,,,"RADHE RADHE",6000,,,,,,,,
342,11/04/24,EGI,,,,EITU1449509,40,DADRI,GDL,HR55V0451,,,,AMRINDER,6000,,,,,,,,
343,11/04/24,EGI,,,,TCNU6504508,40,DADRI,GDL,HR55M8651,,,,BC,6000,,,,,,,,
344,11/04/24,EGI,,,,TRHU7284227,40,DADRI,GDL,HR55M8651,,,,BC,6000,,,,,,,,
345,11/04/24,EGI,,,,TEMU6092313,40,DADRI,GDL,NL01L0318,,,,BC,6000,,,,,,,,
346,11/04/24,EMRATES,,,,ESDU7022030,40,UNI/PATHLI,DADRI,HR55M8651,,,,BC,7000,,,,,,,,
347,11/04/24,EMRATES,,,,ESDU4049628,40,UNI/PATHLI,DADRI,HR58B8261,,,,BC,7000,,,,,,,,
348,11/04/24,EMRATES,,,,ESDU4046552,40,UNI/PATHLI,DADRI,NL01AG3461,,,,OJHA,7000,,,,,,,,
349,11/04/24,EMRATES,,,,ESDU8050157,40,UNI/PATHLI,DADRI,NL01L2324,,,,RAJESH,7000,,,,,,,,
350,11/04/24,EMRATES,,,,ESDU4025523,40,UNI/PATHLI,DADRI,HR55M8651,,,,BC,7000,,,,,,,,
351,11/04/24,HAPAG,,,,BSIU8227209,40,MDPT,DADRI,RJ48GA1475,,,,,,,,,,,,,
352,11/04/24,HAPAG,,,,P,40,MDPT,DADRI,,,,,,,,,,,,,,
353,11/04/24,HAPAG,,,,P,40,MDPT,DADRI,,,,,,,,,,,,,,
354,11/04/24,HAPAG,,,,P,40,MDPT,DADRI,,,,,,,,,,,,,,
355,11/04/24,HAPAG,,,,P,40,MDPT,DADRI,,,,,,,,,,,,,,
356,11/04/24,HAPAG,,,,P,40,MDPT,DADRI,,,,,,,,,,,,,,
357,11/04/24,HAPAG,,,,P,40,MDPT,DADRI,,,,,,,,,,,,,,
358,11/04/24,HAPAG,,,,P,40,MDPT,DADRI,,,,,,,,,,,,,,
359,11/04/24,HAPAG,,,,P,40,MDPT,DADRI,,,,,,,,,,,,,,
360,11/04/24,HAPAG,,,,P,40,MDPT,DADRI,,,,,,,,,,,,,,
361,11/04/24,HAPAG,,,,P,40,MDPT,DADRI,,,,,,,,,,,,,,
362,11/04/24,HAPAG,,,,P,40,MDPT,DADRI,,,,,,,,,,,,,,
363,11/04/24,HAPAG,,,,P,40,MDPT,DADRI,,,,,,,,,,,,,,
364,11/04/24,HAPAG,,,,P,40,MDPT,DADRI,,,,,,,,,,,,,,
365,11/04/24,HAPAG,,,,P,40,MDPT,DADRI,,,,,,,,,,,,,,
366,11/04/24,HAPAG,,,,P,40,MDPT,DADRI,,,,,,,,,,,,,,
367,11/04/24,HAPAG,,,,P,40,MDPT,DADRI,,,,,,,,,,,,,,
368,11/04/24,HAPAG,,,,P,40,MDPT,DADRI,,,,,,,,,,,,,,
369,11/04/24,HAPAG,,,,P,40,MDPT,DADRI,,,,,,,,,,,,,,
370,11/04/24,HAPAG,,,,P,40,MDPT,DADRI,,,,,,,,,,,,,,
371,11/04/24,TASS,,,,TLXU3007764,20,KANPUR,JAIPUR,RJ09GA9695,,,,KHUSHI,4000,,,,,,,,
372,11/04/24,TASS,,,,TLXU2022701,20,KANPUR,JAIPUR,RJ09GA9695,,,,KHUSHI,4000,,,,,,,,
373,12/04/24,MSC,,,,FSCU8642599,40,KASHIPUR,MORADABAD,NL01L1628,,,,DLPL,6000,,,,,,,,
374,12/04/24,MSC,,,,TGBU7173847,40,KASHIPUR,MORADABAD,UK06CB0297,,,,DLPL,6000,,,,,,,,
375,12/04/24,MSC,,,,MEDU4502890,40,KASHIPUR,MORADABAD,NL01G8654,,,,DLPL,6000,,,,,,,,
376,12/04/24,MSC,,,,FCIU7363800,40,KASHIPUR,MORADABAD,HR55N3447,,,,DLPL,6000,,,,,,,,
377,12/04/24,MSC,,,,MSCU5305009,40,KASHIPUR,MORADABAD,UK06CA9807,,,,DLPL,6000,,,,,,,,
378,12/04/24,MSC,,,,TGBU9391051,40,KASHIPUR,MORADABAD,UK06CB0297,,,,DLPL,6000,,,,,,,,
379,12/04/24,MSC,,,,MSMU8551027,40,KASHIPUR,MORADABAD,NL01K8033,,,,DLPL,6000,,,,,,,,
380,12/04/24,MSC,,,,MEDU7076783,40,KASHIPUR,MORADABAD,UK06CA9807,,,,DLPL,6000,,,,,,,,
381,12/04/24,MSC,,,,MSMU4020660,40,KASHIPUR,MORADABAD,NL01G8654,,,,DLPL,6000,,,,,,,,
382,12/04/24,MSC,,,,MSCU5129722,40,KASHIPUR,MORADABAD,NL01K8033,,,,DLPL,6000,,,,,,,,
383,12/04/24,MSC,,,,MEDU4961462,40,KASHIPUR,MORADABAD,NL01G8654,,,,DLPL,6000,,,,,,,,
384,12/04/24,MSC,,,,MEDU4725575,40,KASHIPUR,MORADABAD,NL01L1628,,,,DLPL,6000,,,,,,,,
385,12/04/24,MSC,,,,MSMU8995103,40,KASHIPUR,MORADABAD,NL01L1628,,,,DLPL,6000,,,,,,,,
386,12/04/24,MSC,,,,MEDU9375187,40,KASHIPUR,MORADABAD,NL01K8033,,,,DLPL,6000,,,,,,,,
387,12/04/24,MSC,,,,BEAU5726673,40,KASHIPUR,MORADABAD,NL01G8654,,,,DLPL,6000,,,,,,,,
388,12/04/24,MSC,,,,TGBU8000070,40,KASHIPUR,MORADABAD,UK06CA9807,,,,DLPL,6000,,,,,,,,
389,12/04/24,MSC,,,,MSDU7456482,40,KASHIPUR,MORADABAD,UK06CA9807,,,,DLPL,6000,,,,,,,,
390,12/04/24,MSC,,,,MEDU8108268,40,KASHIPUR,MORADABAD,UK06CB0297,,,,DLPL,6000,,,,,,,,
391,12/04/24,MSC,,,,FFAU3885310,40,KASHIPUR,MORADABAD,UK06CB0297,,,,DLPL,6000,,,,,,,,
392,12/04/24,MSC,,,,SEGU6259678,40,KASHIPUR,MORADABAD,NL01L1628,,,,DLPL,6000,,,,,,,,
393,12/04/24,MSC,,,,MSDU8151940,40,NK/SONIPAT,DADRI,HR58B8261,,,,BC,4000,,,,,,,,
394,12/04/24,MSC,,,,MSMU7861964,40,NK/SONIPAT,DADRI,HR55U3858,,,,SK,4000,,,,,,,,
395,12/04/24,MSC,,,,MSMU7056538,40,NK/SONIPAT,DADRI,HR55V0451,,,,AMRENDER,4500,,,,,,,,
396,12/04/24,MSC,,,,FDCU0092922,40,NK/SONIPAT,DADRI,HR38Y9077,,,,SANTOSH,4500,,,,,,,,
397,12/04/24,MSC,,,,TCNU1146103,40,NK/SONIPAT,DADRI,HR58B4667,,,,"JAY KUMAR",4000,,,,,,,,
398,12/04/24,MSC,,,,BEAU5854674,40,NK/SONIPAT,DADRI,NL01L0089,,,,"JAY KUMAR",4000,,,,,,,,
399,12/04/24,MSC,,,,TGBU5355061,40,NK/SONIPAT,DADRI,HR38T2370,,,,"SK LOG",4000,,,,,,,,
400,12/04/24,MSC,,,,CAIU7742791,40,NK/SONIPAT,DADRI,NL01AE7201,,,,"JAY KUMAR",4000,,,,,,,,
401,12/04/24,MSC,,,,MSMU4011036,40,NK/SONIPAT,DADRI,NL01N3317,,,,"SK LOG",4000,,,,,,,,
402,12/04/24,MSC,,,,MEDU4491327,40,NK/SONIPAT,DADRI,NL01AG3460,,,,SANTOSH,4500,,,,,,,,
403,12/04/24,MSC,,,,TGHU6182790,40,NK/SONIPAT,DADRI,HR38V7269,,,,SANTOSH,4500,,,,,,,,
404,12/04/24,MSC,,,,BMOU4706173,40,NK/SONIPAT,DADRI,HR38V7269,,,,SANTOSH,4500,,,,,,,,
405,12/04/24,MSC,,,,TGBU5583009,40,NK/SONIPAT,DADRI,NL01AG3461,,,,SANTOSH,4500,,,,,,,,
406,12/04/24,MSC,,,,TCNU8915787,40,NK/SONIPAT,DADRI,HR55U3858,,,,"SK LOG",4500,,,,,,,,
407,12/04/24,MSC,,,,BMOU4271039,40,NK/SONIPAT,DADRI,HR38W5911,,,,"SK LOG",4500,,,,,,,,
408,12/04/24,EGI,,,,FFAU1108395,40,DADRI,GDL,NL01AG3461,,,,"RAI TRANSPORT",6000,,,,,,,,
409,12/04/24,EGI,,,,BMOU4989284,40,DADRI,GDL,NL01AG3461,,,,"RAI TRANSPORT",6000,,,,,,,,
410,12/04/24,EGI,,,,EITU1448816,40,DADRI,GDL,NL01AG9555,,,,JITENDER,6000,,,,,,,,
411,12/04/24,EGI,,,,EGHU9481126,40,DADRI,GDL,HR55V0451,,,,AMRINDER,6000,,,,,,,,
412,12/04/24,EGI,,,,EMCU8631632,40,DADRI,GDL,NL01AG3461,,,,RAI,6000,,,,,,,,
413,12/04/24,EMRATES,,,,ESDU4098849,40,PATHLI,DADRI,NL01AG9555,,,,JITENDER,7000,,,,,,,,
414,12/04/24,MSC,,,,GLDU9447027,20,PALWAL,SONIPAT,HR58B4767,,,,JAY,4500,,,,,,,,
415,12/04/24,MSC,,,,MSMU1707801,20,PALWAL,SONIPAT,HR58B4767,,,,JAY,4500,,,,,,,,
416,12/04/24,MSC,,,,TGHU1408165,20,PALWAL,SONIPAT,HR46E5052,,,,RAJESH,4500,,,,,,,,
417,12/04/24,MSC,,,,MEDU5230863,20,PALWAL,SONIPAT,HR46E5052,,,,RAJESH,4500,,,,,,,,
418,12/04/24,MSC,,,,TGHU1941209,20,PALWAL,SONIPAT,NL01Q2078,,,,SATENDER,4750,,,,,,,,
419,12/04/24,MSC,,,,TCLU7619377,20,PALWAL,SONIPAT,NL01Q2078,,,,SATENDER,4750,,,,,,,,
420,12/04/24,MSC,,,,TCLU7666933,20,PALWAL,SONIPAT,NL01AC7739,,,,SANTOSH,4750,,,,,,,,
421,12/04/24,MSC,,,,GLDU5096545,20,PALWAL,SONIPAT,NL01AC7739,,,,SANTOSH,4750,,,,,,,,
422,12/04/24,MSC,,,,MEDU3668824,20,PALWAL,SONIPAT,HR55R3372,,,,MMT,4750,,,,,,,,
423,12/04/24,MSC,,,,MEDU3497779,20,PALWAL,SONIPAT,HR55R3372,,,,MMT,4750,,,,,,,,
424,12/04/24,MSC,,,,FCIU5931860,20,PALWAL,SONIPAT,NL01Q2078,,,,"SATENDER SHARMA",4750,,,,,,,,
425,12/04/24,MSC,,,,TGBU2661793,20,PALWAL,SONIPAT,NL01Q2078,,,,"SATENDER SHARMA",4750,,,,,,,,
426,12/04/24,MSC,,,,TLLU2199048,20,PALWAL,SONIPAT,HR55R3372,,,,MMT,4750,,,,,,,,
427,12/04/24,MSC,,,,FCIU4203984,20,PALWAL,SONIPAT,HR55R3372,,,,MMT,4750,,,,,,,,
428,12/04/24,MSC,,,,TGBU3535681,20,PALWAL,SONIPAT,HR55R3372,,,,MMT,4750,,,,,,,,
429,12/04/24,MSC,,,,MSDU1995907,20,PALWAL,SONIPAT,HR55R3372,,,,MMT,4750,,,,,,,,
430,12/04/24,MSC,,,,MSMU2559205,20,PALWAL,SONIPAT,NL01AC7739,,,,SANTOSH,4750,,,,,,,,
431,12/04/24,MSC,,,,MEDU6579438,20,PALWAL,SONIPAT,NL01AC7739,,,,SANTOSH,4750,,,,,,,,
432,12/04/24,MSC,,,,FBIU0214166,20,PALWAL,SONIPAT,NL01AC7739,,,,SANTOSH,4750,,,,,,,,
433,12/04/24,MSC,,,,MSMU2146217,20,PALWAL,SONIPAT,NL01AC7739,,,,SANTOSH,4750,,,,,,,,
434,12/04/24,EMRATES,,,,ESDU4061515,40,PATHLI,DADRI,NL01AG3461,,,,OJHA,7000,,,,,,,,
435,12/04/24,EMRATES,,,,ESDU4039830,40,PATHLI,DADRI,NL01AG3461,,,,AMRENDER,7000,,,,,,,,
436,12/04/24,EMRATES,,,,ESDU7002455,40,PATHLI,DADRI,HR55V0451,,,,AMRENDER,7000,,,,,,,,
437,12/04/24,EMRATES,,,,DFSU6202276,40,PATHLI,DADRI,HR55U0451,,,,AMRENDER,7000,,,,,,,,
438,13/04/24,HAPAG,,31154761,,CANCEL,20,MDPT,SONIPAT,CANCEL,,,,,,,,,,,,,
439,13/04/24,HAPAG,,31154761,,CANCEL,20,MDPT,SONIPAT,CANCEL,,,,,,,,,,,,,
440,13/04/24,HAPAG,,31154761,,CANCEL,20,MDPT,SONIPAT,CANCEL,,,,,,,,,,,,,
441,13/04/24,HAPAG,,31154761,,CANCEL,20,MDPT,SONIPAT,CANCEL,,,,,,,,,,,,,
442,13/04/24,HAPAG,,31154761,,CANCEL,20,MDPT,SONIPAT,CANCEL,,,,,,,,,,,,,
443,13/04/24,HAPAG,,31154761,,CANCEL,20,MDPT,SONIPAT,CANCEL,,,,,,,,,,,,,
444,13/04/24,HAPAG,,31154761,,CANCEL,20,MDPT,SONIPAT,CANCEL,,,,,,,,,,,,,
445,13/04/24,HAPAG,,31154761,,CANCEL,20,MDPT,SONIPAT,CANCEL,,,,,,,,,,,,,
446,13/04/24,HAPAG,,31154761,,CANCEL,20,MDPT,SONIPAT,CANCEL,,,,,,,,,,,,,
447,13/04/24,HAPAG,,31154761,,CANCEL,20,MDPT,SONIPAT,CANCEL,,,,,,,,,,,,,
448,15/04/24,TASS,,,,GESU3616078,20,LONI,DADRI,HR58B8261,,,,MANISH,5000,,,,,,,,
449,15/04/24,HAPAG,,,,HLXU8295912,40,DICT,PALWAL,NL01AC7739,,,,SANTOSH,9000,,,,,,,,
450,15/04/24,HAPAG,,,,HLBU1311320,40,DICT,PALWAL,HR55U7328,,,,PATHAK,9000,,,,,,,,
451,15/04/24,HAPAG,,,,UACU5571458,40,DICT,PALWAL,HR56U4531,,,,PATHAK,9000,,,,,,,,
452,15/04/24,HAPAG,,,,UACU5398609,40,DICT,PALWAL,NL01AC3638,,,,PATHAK,9000,,,,,,,,
453,15/04/24,HAPAG,,,,CAIU9029861,40,DICT,PALWAL,HR55S6258,,,,PRATAP,9000,,,,,,,,
454,15/04/24,HAPAG,,,,GESU6401860,40,DICT,PALWAL,HR56U4531,,,,PATHAK,9000,,,,,,,,
455,15/04/24,HAPAG,,,,TCLU8076680,40,DICT,PALWAL,NL01AG3638,,,,PATHAK,9000,,,,,,,,
456,15/04/24,HAPAG,,,,HLBU1878340,40,DICT,PALWAL,HR55U7328,,,,PATHAK,9000,,,,,,,,
457,15/04/24,HAPAG,,,,HLBU1696840,40,DICT,PALWAL,HR55R3372,,,,PATHAK,9000,,,,,,,,
458,15/04/24,HAPAG,,,,TCLU8861826,40,DICT,PALWAL,HR55S6258,,,,PRATAp,9000,,,,,,,,
459,15/04/24,HAPAG,,,,CAIU8488640,40,DICT,PALWAL,HR55R3372,,,,MMD,9000,,,,,,,,
460,15/04/24,HAPAG,,,,DRYU9772728,40,DICT,PALWAL,HR55U7328,,,,PATHAK,9000,,,,,,,,
461,15/04/24,HAPAG,,,,BEAU4362828,40,DICT,PALWAL,NL01AC3638,,,,PATHAK,9000,,,,,,,,
462,15/04/24,HAPAG,,,,DFSU7100319,40,DICT,PALWAL,HR56U4531,,,,PATHAK,9000,,,,,,,,
463,15/04/24,HAPAG,,,,TCLU9506256,40,DICT,PALWAL,NL01AC7739,,,,SANTOSH,9000,,,,,,,,
464,15/04/24,HAPAG,,,,UACU5257827,40,DICT,PALWAL,HR55S6258,,,,PRATAP,9000,,,,,,,,
465,15/04/24,HAPAG,,,,HLXU8465500,40,DICT,PALWAL,RJ01GB7295,,,,BALAJI,9000,,,,,,,,
466,15/04/24,HAPAG,,,,UACU5892720,40,DICT,PALWAL,HR56U4531,,,,PATHAK,9000,,,,,,,,
467,15/04/24,HAPAG,,,,GATU8750551,40,DICT,PALWAL,HR55U7328,,,,PATHAK,9000,,,,,,,,
468,15/04/24,HAPAG,,,,HLXU8565392,40,DICT,PALWAL,NL01AG3638,,,,PATHAK,9000,,,,,,,,
469,15/04/24,HAPAG,,,,TGHU9564740,40,DICT,PALWAL,NL01AC7739,,,,SANTOSH,9000,,,,,,,,
470,15/04/24,HAPAG,,,,FSCU7153660,40,DICT,PALWAL,HR55R3372,,,,MMD,9000,,,,,,,,
471,15/04/24,HAPAG,,,,CAIU8924194,40,DICT,PALWAL,HR55R3372,,,,MMD,9000,,,,,,,,
472,15/04/24,HAPAG,,,,TCNU6697074,40,DICT,PALWAL,HR55S6258,,,,PRATAP,9000,,,,,,,,
473,15/04/24,HAPAG,,,,FSCU9850534,40,DICT,PALWAL,RJ42GA1422,,,,BALAJI,8500,,,,,,,,
474,15/04/24,HAPAG,,,,CANCEL,40,DICT,PALWAL,CANCEL,,,,,,,,,,,,,
475,15/04/24,HAPAG,,,,CANCEL,40,DICT,PALWAL,CANCEL,,,,,,,,,,,,,
476,15/04/24,HAPAG,,,,CANCEL,40,DICT,PALWAL,CANCEL,,,,,,,,,,,,,
477,15/04/24,HAPAG,,,,CANCEL,40,DICT,PALWAL,CANCEL,,,,,,,,,,,,,
478,15/04/24,HAPAG,,,,CANCEL,40,DICT,PALWAL,CANCEL,,,,,,,,,,,,,
479,15/04/24,HAPAG,,,,CANCEL,40,DICT,PALWAL,CANCCANCELEL,,,,,,,,,,,,,
480,15/04/24,HAPAG,,,,CANCEL,40,DICT,PALWAL,CANCEL,,,,,,,,,,,,,
481,15/04/24,HAPAG,,,,CANCEL,40,DICT,PALWAL,CANCEL,,,,,,,,,,,,,
482,15/04/24,HAPAG,,,,CANCEL,40,DICT,PALWAL,CANCEL,,,,,,,,,,,,,
483,15/04/24,HAPAG,,,,CANCEL,40,DICT,PALWAL,CANCEL,,,,,,,,,,,,,
484,15/04/24,MSC,,,,MSMU7693900,40,KASHIPUR,MORADABAD,NL01L1628,,,,DLPL,6000,,,,,,,,
485,15/04/24,MSC,,,,CAIU7726682,40,KASHIPUR,MORADABAD,HR55N3447,,,,DLPL,6000,,,,,,,,
486,15/04/24,MSC,,,,MSDU8307694,40,KASHIPUR,MORADABAD,UK06CB0297,,,,DLPL,6000,,,,,,,,
487,15/04/24,MSC,,,,MSMU5000870,40,KASHIPUR,MORADABAD,NL01K8033,,,,DLPL,6000,,,,,,,,
488,15/04/24,MSC,,,,MSMU6231512,40,KASHIPUR,MORADABAD,NL01K8033,,,,DLPL,6000,,,,,,,,
489,15/04/24,MSC,,,,FFAU3852425,40,KASHIPUR,MORADABAD,NL01G8654,,,,DLPL,6000,,,,,,,,
490,15/04/24,MSC,,,,FCIU8388886,40,KASHIPUR,MORADABAD,NL01L1628,,,,DLPL,6000,,,,,,,,
491,15/04/24,MSC,,,,TCLU5562312,40,KASHIPUR,MORADABAD,NL01K8033,,,,DLPL,6000,,,,,,,,
492,15/04/24,MSC,,,,MSMU5280960,40,KASHIPUR,MORADABAD,UK0CB0297,,,,DLPL,6000,,,,,,,,
493,15/04/24,MSC,,,,MSDU5348848,40,KASHIPUR,MORADABAD,NL01G8654,,,,DLPL,6000,,,,,,,,
494,15/04/24,MSC,,,,MEDU8865641,40,KASHIPUR,MORADABAD,UK06CB0297,,,,DLPL,6000,,,,,,,,
495,15/04/24,MSC,,,,TLLU5171574,40,KASHIPUR,MORADABAD,NL01K8033,,,,DLPL,6000,,,,,,,,
496,15/04/24,MSC,,,,TRHU8272236,40,KASHIPUR,MORADABAD,NL01G8654,,,,DLPL,6000,,,,,,,,
497,15/04/24,MSC,,,,TCLU5946262,40,KASHIPUR,MORADABAD,UK06CA9807,,,,DLPL,6000,,,,,,,,
498,15/04/24,MSC,,,,FFAU4086582,40,KASHIPUR,MORADABAD,HR55N3447,,,,DLPL,6000,,,,,,,,
499,15/04/24,MSC,,,,FJKU6011656,40,KASHIPUR,MORADABAD,UK06CB0297,,,,DLPL,6000,,,,,,,,
500,15/04/24,MSC,,,,TEMU8446170,40,KASHIPUR,MORADABAD,HR55N3447,,,,DLPL,6000,,,,,,,,
501,15/04/24,MSC,,,,TGBU4409815,40,KASHIPUR,MORADABAD,NL01L1628,,,,DLPL,6000,,,,,,,,
502,15/04/24,MSC,,,,MSDU7517778,40,KASHIPUR,MORADABAD,NL01G8654,,,,DLPL,6000,,,,,,,,
503,15/04/24,MSC,,,,TCLU5702311,40,KASHIPUR,MORADABAD,UK06CA9807,,,,DLPL,6000,,,,,,,,
504,16/04/24,EMRATES,,,,ESDU1216070,20,ACTL,SONIPAT,HR55R3372,,,,MMT,4500,,,,,,,,
505,16/04/24,EMRATES,,,,ESDU2206815,20,ACTL,SONIPAT,HR55R3372,,,,MMT,4500,,,,,,,,
506,16/04/24,EMRATES,,,,TEMU2069887,20,ACTL,SONIPAT,NL01AC7739,,,,"SANTOSH RAI",4500,,,,,,,,
507,16/04/24,EMRATES,,,,TEMU3022647,20,ACTL,SONIPAT,NL01AC7739,,,,"SANTOSH RAI",4500,,,,,,,,
508,16/04/24,EMRATES,,,,ESDU2239824,20,ACTL,SONIPAT,HR55R3372,,,,MMT,4500,,,,,,,,
509,16/04/24,EMRATES,,,,ESDU1251086,20,ACTL,SONIPAT,HR55R3372,,,,MMT,4500,,,,,,,,
510,16/04/24,EMRATES,,,,ESDU1218940,20,ACTL,SONIPAT,HR55R3372,,,,MMT,4500,,,,,,,,
511,16/04/24,EMRATES,,,,ESDU1212599,20,ACTL,SONIPAT,HR55R3372,,,,MMT,4500,,,,,,,,
512,16/04/24,EMRATES,,,,CANCEL,20,ACTL,SONIPAT,CANCEL,,,,,,,,,,,,,
513,16/04/24,EMRATES,,,,CANCEL,20,ACTL,SONIPAT,CANCEL,,,,,,,,,,,,,
514,16/04/24,EMRATES,,,,FCIU8905103,40,UNI/PATHLI,DADRI,HR55U6787,,,,AMRINDER,7000,,,,,,,,
515,16/04/24,EMRATES,,,,DRYU9934731,40,UNI/PATHLI,DADRI,NL01L2325,,,,BC,7000,,,,,,,,
516,16/04/24,EMRATES,,,,XTCU4215916,40,UNI/PATHLI,DADRI,HR58B8761,,,,BC,7000,,,,,,,,
517,16/04/24,EMRATES,,,,CLHU9045332,40,UNI/PATHLI,DADRI,HR38U7269,,,,"RAY TRPT",7500,,,,,,,,
518,16/04/24,EMRATES,,,,CLHU9047567,40,UNI/PATHLI,DADRI,HR69C7777,,,,"RAY TRPT",7500,,,,,,,,
519,16/04/24,ZIM,,,,TCNU8898951,40,SONIPAT,LUDHIANA,NL01L5191,,,,"SK LOG",18000,,,,,,,,
520,16/04/24,ZIM,,,,TRHU8345100,40,SONIPAT,LUDHIANA,NL01Q2078,,,,"NISHA ROADLINE",18000,,,,,,,,
521,16/04/24,ZIM,,,,TCLU6344300,40,SONIPAT,LUDHIANA,HR38T2370,,,,"SK LOG",18000,,,,,,,,
522,16/04/24,ZIM,,,,ZCSU7915302,40,SONIPAT,LUDHIANA,HR58B4767,,,,"JAY KUMAR",18000,,,,,,,,
523,16/04/24,ZIM,,,,ZCSU7327401,40,SONIPAT,LUDHIANA,HR46E5052,,,,RAJESH,18000,,,,,,,,
524,16/04/24,ZIM,,,,TGBU2391168,20,DADRI,SONIPAT,HR38U9077,,,,"RAI TRNSPORT",3500,,,,,,,,
525,16/04/24,ZIM,,,,ZIMU3028417,20,DADRI,SONIPAT,HR38U9077,,,,"RAI TRNSPORT",3500,,,,,,,,
526,16/04/24,ZIM,,,,TRHU1868630,20,DADRI,SONIPAT,HR55V0451,,,,AMRIDNER,3500,,,,,,,,
527,16/04/24,ZIM,,,,BSIU3020570,20,DADRI,SONIPAT,HR55V0451,,,,AMRIDNER,3500,,,,,,,,
528,16/04/24,ZIM,,,,CAIU3500423,20,DADRI,SONIPAT,NL01AG1246,,,,JITENDER,3500,,,,,,,,
529,16/04/24,ZIM,,,,BSIU2959120,20,DADRI,SONIPAT,NL01AG1246,,,,JITENDER,3500,,,,,,,,
530,16/04/24,ZIM,,,,BSIU2812090,20,DADRI,SONIPAT,NL01N3340,,,,JITENDER,3500,,,,,,,,
531,16/04/24,ZIM,,,,SEGU2212034,20,DADRI,SONIPAT,NL01N3340,,,,JITENDER,3500,,,,,,,,
532,16/04/24,ZIM,,,,TRHU3233690,20,DADRI,SONIPAT,HR38T2370,,,,"SK LOG",3500,,,,,,,,
533,16/04/24,ZIM,,,,TRHU3102350,20,DADRI,SONIPAT,HR38T2370,,,,"SK LOG",3500,,,,,,,,
534,16/04/24,TASS,,,,TLXU2022527,20,KANPUR,JAIPUR,RJ01GB8175,,,,,,,,,,,,,
535,16/04/24,TASS,,,,BSIU2818272,20,KANPUR,JAIPUR,RJ01GB8175,,,,,,,,,,,,,
536,16/04/24,SAMSARA,,,,MAGU5626769,40,DADRI,SONIPAT,NL01AG9555,,,,JITENDER,7000,,,,,,,,
537,17/04/24,EMRATES,,,,ESDU7029081,40,ACTL,DADRI,NL01AG9555,,,,JITENDER,5000,,,,,,,,
538,17/04/24,EMRATES,,,,ESDU4047693,40,ACTL,DADRI,NL01AG1247,,,,JITENDER,5000,,,,,,,,
539,17/04/24,EMRATES,,,,ESDU4100015,40,ACTL,DADRI,NL01AG1246,,,,JITENDER,5000,,,,,,,,
540,17/04/24,EMRATES,,,,GAOU6125644,40,ACTL,DADRI,HR55Y7014,,,,RINKU,5000,,,,,,,,
541,17/04/24,EMRATES,,,,TEMU8519092,40,ACTL,DADRI,NL01N3340,,,,JITENDER,5000,,,,,,,,
542,17/04/24,EMRATES,,,,FCIU9050851,40,ACTL,DADRI,NL01AG3461,,,,SANTOSH,5000,,,,,,,,
543,17/04/24,EMRATES,,,,TCNU7752495,40,ACTL,DADRI,HR38V7269,,,,SANTOSH,5000,,,,,,,,
544,17/04/24,EMRATES,,,,MAGU5796575,40,ACTL,DADRI,HR69C7777,,,,SANTOSH,5000,,,,,,,,
545,17/04/24,EMRATES,,,,TCNU7247786,40,ACTL,DADRI,NL01AG3461,,,,SANTOSH,5000,,,,,,,,
546,17/04/24,EMRATES,,,,DRYU9335991,40,ACTL,DADRI,NL01AG3461,,,,SANTOSH,5000,,,,,,,,
547,18/04/24,TASS,,,,TLXU2023879,20,PIYALA,DADRI,HR55Y7014,,,,RINKU,2500,,,,,,,,
548,18/04/24,TASS,,,,TLXU2006845,20,PIYALA,DADRI,HR55Y7014,,,,RINKU,2500,,,,,,,,
549,18/04/24,TASS,,,,TLXU2009593,20,PIYALA,DADRI,NL01AG9555,,,,JITENDER,2500,,,,,,,,
550,18/04/24,TASS,,,,CAXU3282046,20,PIYALA,DADRI,NL01AG9555,,,,JITENDER,2500,,,,,,,,
551,18/04/24,TASS,,,,TLXU4001009,40,BAWAL,PATHLI,HR55V8571,,,,SHAURYA,6600,,,,,,,,
552,18/04/24,CMA,,EAMC2402332,,CMAU7588966,40,BARHI,JAIPUR,NL01AH3595,,,,"SHRI SANWARIYA",8000,,,,,,,,
553,18/04/24,CMA,,EAMC2402332,,TGBU6972263,40,BARHI,JAIPUR,GJ12BW4003,,,,"SHRI SANWARIYA",8000,,,,,,,,
554,18/04/24,CMA,,EAMC2402332,,"CANCEL CANCEL CANCEL CANCEL CANCEL",40,BARHI,JAIPUR,"CANCEL CANCEL CANCEL CANCEL CANCEL",,,,,,,,,,,,,
555,18/04/24,CMA,,EAMC2402332,,"CANCEL CANCEL CANCEL CANCEL CANCEL",40,BARHI,JAIPUR,"CANCEL CANCEL CANCEL CANCEL CANCEL",,,,,,,,,,,,,
556,18/04/24,CMA,,EAMC2402332,,"CANCEL CANCEL CANCEL CANCEL CANCEL",40,BARHI,JAIPUR,"CANCEL CANCEL CANCEL CANCEL CANCEL",,,,,,,,,,,,,
557,18/04/24,CMA,,EAMC2402332,,"CANCEL CANCEL CANCEL CANCEL CANCEL",40,BARHI,JAIPUR,"CANCEL CANCEL CANCEL CANCEL CANCEL",,,,,,,,,,,,,
558,18/04/24,CMA,,EAMC2402332,,"CANCEL CANCEL CANCEL CANCEL CANCEL",40,BARHI,JAIPUR,"CANCEL CANCEL CANCEL CANCEL CANCEL",,,,,,,,,,,,,
559,18/04/24,MSC,,,,TCLU7226847,40,KASHIPUR,DADRI,HR69C5924,,,,"RAMAN CARGO",12500,,,,,,,,
560,18/04/24,MSC,,,,MSMU8022208,40,SONIPAT,PATHLI,HR55V8521,,,,"SURYA CARGO",5000,,,,,,,,
561,18/04/24,MSC,,,,BMOU6960865,40,SONIPAT,PATHLI,HR55X6068,,,,"SURYA CARGO",5000,,,,,,,,
562,18/04/24,MSC,,,,DFSU6433125,40,SONIPAT,PATHLI,NL01L0318,,,,BC,5000,,,,,,,,
563,18/04/24,MSC,,,,TEMU6921461,40,SONIPAT,PATHLI,HR55S6258,,,,PRATAP,5000,,,,,,,,
564,18/04/24,MSC,,,,TCNU8737788,40,SONIPAT,PATHLI,HR55SX6068,,,,"SURYA CARGO",5000,,,,,,,,
565,18/04/24,MSC,,,,INKU6698246,40,SONIPAT,PATHLI,HR46E5052,,,,RAJESH,5000,,,,,,,,
566,18/04/24,MSC,,,,MEDU8982416,40,SONIPAT,PATHLI,HR55V8521,,,,"SURYA CARGO",5000,,,,,,,,
567,18/04/24,MSC,,,,BEAU5929921,40,SONIPAT,PATHLI,HR555AC4187,,,,SONU,5000,,,,,,,,
568,18/04/24,MSC,,,,GLDU7679194,40,SONIPAT,PATHLI,HR55X6068,,,,"SURYA CARGO",5000,,,,,,,,
569,18/04/24,MSC,,,,MEDU7950435,40,SONIPAT,PATHLI,HR55AV0354,,,,SONU,5000,,,,,,,,
570,18/04/24,MSC,,,,TRLU5639959,40,SONIPAT,DICT,HR58B4767,,,,"JAY KUMAR",1800,,,,,,,,
571,18/04/24,MSC,,,,TCNU3183805,40,SONIPAT,DICT,NL01L0087,,,,SUMANT,1800,,,,,,,,
572,18/04/24,MSC,,,,MSDU5972920,40,SONIPAT,DICT,HR46E5052,,,,RAJESH,1800,,,,,,,,
573,18/04/24,MSC,,,,MEDU7324730,40,SONIPAT,DICT,NL01AC7739,,,,SANTOSH,1800,,,,,,,,
574,18/04/24,MSC,,,,TCLU4878707,40,SONIPAT,DICT,HR55U4531,,,,PATHAK,1800,,,,,,,,
575,18/04/24,MSC,,,,MSDU8753741,40,SONIPAT,DICT,HR55U7328,,,,PATHAK,1800,,,,,,,,
576,18/04/24,MSC,,,,MSDU7697005,40,SONIPAT,DICT,NL01AC7739,,,,SANTOSH,1800,,,,,,,,
577,18/04/24,MSC,,,,CAIU7302787,40,SONIPAT,DICT,NL01AG3638,,,,PATHAK,1800,,,,,,,,
578,18/04/24,MSC,,,,p,40,SONIPAT,DICT,,,,,,,,,,,,,,
579,18/04/24,MSC,,,,p,40,SONIPAT,DICT,,,,,,,,,,,,,,
580,18/04/24,MSC,,,,p,40,SONIPAT,DICT,,,,,,,,,,,,,,
581,18/04/24,MSC,,,,p,40,SONIPAT,DICT,,,,,,,,,,,,,,
582,18/04/24,MSC,,,,p,40,SONIPAT,DICT,,,,,,,,,,,,,,
583,18/04/24,MSC,,,,p,40,SONIPAT,DICT,,,,,,,,,,,,,,
584,18/04/24,MSC,,,,p,40,SONIPAT,DICT,,,,,,,,,,,,,,
585,18/04/24,MSC,,,,p,40,SONIPAT,DICT,,,,,,,,,,,,,,
586,18/04/24,MSC,,,,p,40,SONIPAT,DICT,,,,,,,,,,,,,,
587,18/04/24,MSC,,,,p,40,SONIPAT,DICT,,,,,,,,,,,,,,
588,18/04/24,MSC,,,,p,40,SONIPAT,DICT,,,,,,,,,,,,,,
589,18/04/24,MSC,,,,p,40,SONIPAT,DICT,,,,,,,,,,,,,,
590,19/04/24,TASS,,,,TLXU3013788,20,REWARI,JAIPUR,RJ01GB2702,,,,SBCM,2350,,,,,,,,
591,19/04/24,TASS,,,,TLXU3013970,20,REWARI,JAIPUR,RJ01GB2702,,,,SBCM,2350,,,,,,,,
592,19/04/24,TASS,,,,TLXU2020165,20,BAWAL,JAIPUR,RJ42GA1967,,,,HINDUSTAN,4500,,,,,,,,
593,20/04/24,EMRATES,,,,TCLU5195860,40,UNI/PATHLI,DADRI,HR55U0451,,,,AMMRENDER,7500,,,,,,,,
594,20/04/24,EMRATES,,,,FSCU9908240,40,UNI/PATHLI,DADRI,NL01L2721,,,,SANGAM,7000,,,,,,,,
595,20/04/24,EMRATES,,,,DRYU9262283,40,UNI/PATHLI,DADRI,NL01AG9165,,,,AMRENDER,7500,,,,,,,,
596,20/04/24,EMRATES,,,,DRYU9642088,40,UNI/PATHLI,DADRI,NL01L0318,,,,SANGAM,7000,,,,,,,,
597,20/04/24,EMRATES,,,,ESPU8050007,40,UNI/PATHLI,DADRI,HR69C7777,,,,"RAY TRPT",7500,,,,,,,,
598,22/04/24,TASS,,,,TLXU2012405,20,PIYALA,DADRI,NL01L2325,,,,BC,2500,,,,,,,,
599,22/04/24,TASS,,,,BSIU2366779,20,PIYALA,DADRI,NL01L2325,,,,BC,2500,,,,,,,,
600,22/04/24,TASS,,,,TLXU2016437,20,GDL,NK/PATHLI,HR58B8261,,,,BC,950,,,,,,,,
601,22/04/24,TASS,,,,BSIU2260853,20,GDL,NK/PATHLI,HR58B8261,,,,BC,950,,,,,,,,
602,22/04/24,EMRATES,,,,TGHU9277269,40,UNI/PATHLI,DADRI,HR38V7269,,,,"RAY TRPT",7000,,,,,,,,
603,22/04/24,EMRATES,,,,ESDU4025668,40,UNI/PATHLI,DADRI,HR58B8261,,,,BC,7000,,,,,,,,
604,22/04/24,EMRATES,,,,ESDU7003235,40,UNI/PATHLI,DADRI,NL01L2325,,,,BC,7000,,,,,,,,
605,22/04/24,EMRATES,,,,TEMU8485500,40,UNI/PATHLI,DADRI,HR38W5911,,,,"SK LOG",7000,,,,,,,,
606,22/04/24,EMRATES,,,,ESDU7016187,40,UNI/PATHLI,DADRI,NL01L0318,,,,SANGAM,7000,,,,,,,,
607,22/04/24,EMRATES,,,,ESDU4028060,40,UNI/PATHLI,DADRI,HR38U9077,,,,"RAY TRPT",7000,,,,,,,,
608,22/04/24,EMRATES,,,,ESDU4084514,40,UNI/PATHLI,DADRI,HR55U3858,,,,SK,7000,,,,,,,,
609,22/04/24,EMRATES,,,,TEMU8441604,40,UNI/PATHLI,DADRI,HR55X6887,,,,SK,7000,,,,,,,,
610,22/04/24,EMRATES,,,,TCNU7906862,40,UNI/PATHLI,DADRI,HR58B8761,,,,BC,7000,,,,,,,,
611,22/04/24,EMRATES,,,,ESDU4032601,40,UNI/PATHLI,DADRI,HR38U9077,,,,"RAY TRPT",7000,,,,,,,,
612,22/04/24,MSC,,,,TEMU8358634,40,KASHIPUR,MORADABAD,NL01K8033,,,,DLPL,6000,,,,,,,,
613,22/04/24,MSC,,,,DFSU7780833,40,KASHIPUR,MORADABAD,NL01G8654,,,,DLPL,6000,,,,,,,,
614,22/04/24,MSC,,,,TRHU7064496,40,KASHIPUR,MORADABAD,NL01G8654,,,,DLPL,6000,,,,,,,,
615,22/04/24,MSC,,,,TRHU8477827,40,KASHIPUR,MORADABAD,NL01L1628,,,,DLPL,6000,,,,,,,,
616,22/04/24,MSC,,,,MEDU7841476,40,KASHIPUR,MORADABAD,NL01K8033,,,,DLPL,6000,,,,,,,,
617,22/04/24,MSC,,,,TGBU7807659,40,KASHIPUR,MORADABAD,NL01K8033,,,,DLPL,6000,,,,,,,,
618,22/04/24,MSC,,,,MSDU6032854,40,KASHIPUR,MORADABAD,NL01G8654,,,,DLPL,6000,,,,,,,,
619,22/04/24,MSC,,,,TCLU5514973,40,KASHIPUR,MORADABAD,UK06CB0297,,,,DLPL,6000,,,,,,,,
620,22/04/24,MSC,,,,MSDU8343290,40,KASHIPUR,MORADABAD,UK06CA9807,,,,DLPL,6000,,,,,,,,
621,22/04/24,MSC,,,,MSDU8332819,40,KASHIPUR,MORADABAD,HR55N3447,,,,DLPL,6000,,,,,,,,
622,22/04/24,CMA,,EAMC2402430,,APHU7309620,40,DICT,LUDHIANA,NL01L0039,,,,"JAY KUMAR",18000,,,,,,,,
623,22/04/24,CMA,,EAMC2402430,,APHU7079889,40,DICT,LUDHIANA,NL01AG8695,,,,"JAY KUMAR",18000,,,,,,,,
624,22/04/24,CMA,,EAMC2402430,,TCNU5853465,40,DICT,LUDHIANA,NL01Q2078,,,,"NISHA ROADLINE",18000,,,,,,,,
625,22/04/24,CMA,,EAMC2402430,,CANCEL,40,DICT,LUDHIANA,CANCEL,,,,,,,,,,,,,
626,22/04/24,CMA,,EAMC2402430,,CANCEL,40,DICT,LUDHIANA,CANCEL,,,,,,,,,,,,,
627,22/04/24,CMA,,EAMC2402430,,CANCEL,40,DICT,LUDHIANA,CANCEL,,,,,,,,,,,,,
628,22/04/24,CMA,,EAMC2402430,,CANCEL,40,DICT,LUDHIANA,CANCEL,,,,,,,,,,,,,
629,22/04/24,CMA,,EAMC2402430,,CANCEL,40,DICT,LUDHIANA,CANCEL,,,,,,,,,,,,,
630,22/04/24,CMA,,EAMC2402430,,CANCEL,40,DICT,LUDHIANA,CANCEL,,,,,,,,,,,,,
631,22/04/24,CMA,,EAMC2402430,,CANCEL,40,DICT,LUDHIANA,CANCEL,,,,,,,,,,,,,
632,22/04/24,CMA,,EAMC2402426,,CMAU0905863,20,GDL,JODHPUR,RJ01GB7677,,,,DHARMENDER,16000,,,,,,,,
633,22/04/24,CMA,,EAMC2402426,,CMAU0218337,20,GDL,JODHPUR,RJ01GB7677,,,,DHARMENDER,16000,,,,,,,,
634,22/04/24,CMA,,EAMC2402426,,ECMU1802292,20,GDL,JODHPUR,RJ09GC7037,,,,"DEV KRIPA",16000,,,,,,,,
635,22/04/24,CMA,,EAMC2402426,,TRHU3205240,20,GDL,JODHPUR,RJ09GC7037,,,,"DEV KRIPA",16000,,,,,,,,
636,22/04/24,CMA,,EAMC2402426,,CANCEL,20,GDL,JODHPUR,CANCEL,,,,,,,,,,,,,
637,22/04/24,CMA,,EAMC2402426,,CANCEL,20,GDL,JODHPUR,CANCEL,,,,,,,,,,,,,
638,22/04/24,CMA,,EAMC2402426,,CANCEL,20,GDL,JODHPUR,CANCEL,,,,,,,,,,,,,
639,22/04/24,CMA,,EAMC2402426,,CANCEL,20,GDL,JODHPUR,CANCEL,,,,,,,,,,,,,
640,22/04/24,CMA,,EAMC2402426,,CANCEL,20,GDL,JODHPUR,CANCEL,,,,,,,,,,,,,
641,22/04/24,CMA,,EAMC2402426,,CANCEL,20,GDL,JODHPUR,CANCEL,,,,,,,,,,,,,
642,22/04/24,MSC,,,,MEDU3991328,20,PALWAL,SONIPAT,NL01AC7739,,,,SANTOSH,4750,,,,,,,,
643,22/04/24,MSC,,,,MEDU5442939,20,PALWAL,SONIPAT,NL01AC7739,,,,SANTOSH,4750,,,,,,,,
644,22/04/24,MSC,,,,MSCU6649293,20,PALWAL,SONIPAT,HR55S6258,,,,GULJARI,4750,,,,,,,,
645,22/04/24,MSC,,,,MEDU6983877,20,PALWAL,SONIPAT,HR55S6258,,,,GULJARI,4750,,,,,,,,
646,22/04/24,MSC,,,,MEDU5324535,20,PALWAL,SONIPAT,HR55SR3372,,,,MMT,4750,,,,,,,,
647,22/04/24,MSC,,,,MEDU6981323,20,PALWAL,SONIPAT,HR55SR3372,,,,MMT,4750,,,,,,,,
648,22/04/24,MSC,,,,FBIU0492681,20,PALWAL,SONIPAT,HR55U7328,,,,PATHAK,4750,,,,,,,,
649,22/04/24,MSC,,,,TCLU7635130,20,PALWAL,SONIPAT,HR55U7328,,,,PATHAK,4750,,,,,,,,
650,22/04/24,MSC,,,,MEDU2992973,20,PALWAL,SONIPAT,NL01AG3638,,,,PATHAK,4750,,,,,,,,
651,22/04/24,MSC,,,,MSMU1967590,20,PALWAL,SONIPAT,NL01AG3638,,,,PATHAK,4750,,,,,,,,
652,22/04/24,TASS,,,,BSIU9151556,40,PIYALA,DADRI,HR55S3708,,,,KARAN,5000,,,,,,,,
653,22/04/24,PIL,,,,PCIU8633561,40,MDPT,GDL,GJ12BT2625,,,,MDL,,,,,,,,,
654,22/04/24,PIL,,,,PCIU9164480,40,MDPT,GDL,GJ12BY0843,,,,MDL,,,,,,,,,
655,22/04/24,PIL,,,,P,40,MDPT,GDL,,,,,,,,,,,,,,
656,22/04/24,PIL,,,,P,40,MDPT,GDL,,,,,,,,,,,,,,
657,22/04/24,PIL,,,,P,40,MDPT,GDL,,,,,,,,,,,,,,
658,23/04/24,MSC,,,,TGCU0233260,40,SONIPAT,BARHI,HR73A6208,,,,"SHARMA TRNSPOT",3000,,,,,,,,
659,23/04/24,MSC,,,,CAXU9170151,40,SONIPAT,BARHI,HR69C0189,,,,"SHARMA TRNSPOT",3000,,,,,,,,
660,23/04/24,MSC,,,,TCLU5229826,40,SONIPAT,BARHI,HR73A6208,,,,"SHARMA TRNSPOT",3000,,,,,,,,
661,23/04/24,MSC,,,,CAIU7588979,40,SONIPAT,BARHI,HR69C0189,,,,"SHARMA TRNSPOT",3000,,,,,,,,
662,23/04/24,MSC,,,,MEDU7816149,40,SONIPAT,BARHI,HR69C0189,,,,"SHARMA TRNSPOT",3000,,,,,,,,
663,23/04/24,MSC,,,,MSMU7500576,40,SONIPAT,BARHI,HR73A6208,,,,"SHARMA TRNSPOT",3000,,,,,,,,
664,23/04/24,MSC,,,,MEDU7086971,40,SONIPAT,BARHI,HR58B9442,,,,"SHARMA TRNSPOT",3000,,,,,,,,
665,23/04/24,MSC,,,,BEAU4238674,40,SONIPAT,BARHI,HR73A6208,,,,"SHARMA TRNSPOT",3000,,,,,,,,
666,23/04/24,MSC,,,,TCNU1429000,40,SONIPAT,BARHI,HR73A6208,,,,"SHARMA TRNSPOT",3000,,,,,,,,
667,23/04/24,MSC,,,,MSMU5112910,40,SONIPAT,BARHI,HR69C0189,,,,"SHARMA TRNSPOT",3000,,,,,,,,
668,23/04/24,MSC,,,,MEDU7131920,40,SONIPAT,BARHI,HR69C0189,,,,"SHARMA TRNSPOT",3000,,,,,,,,
669,23/04/24,MSC,,,,MSMU5333269,40,SONIPAT,BARHI,HR69C0189,,,,"SHARMA TRNSPOT",3000,,,,,,,,
670,23/04/24,MSC,,,,BMOU4672962,40,SONIPAT,BARHI,HR73A6208,,,,"SHARMA TRNSPOT",3000,,,,,,,,
671,23/04/24,MSC,,,,MEDU9463884,40,SONIPAT,BARHI,HR69C0189,,,,"SHARMA TRNSPOT",3000,,,,,,,,
672,23/04/24,MSC,,,,MSNU7293282,40,SONIPAT,BARHI,HR73A6208,,,,"SHARMA TRNSPOT",3000,,,,,,,,
673,23/04/24,MSC,,,,MSCU5247134,40,SONIPAT,BARHI,HR73A6208,,,,"SHARMA TRNSPOT",3000,,,,,,,,
674,23/04/24,MSC,,,,MEDU7451924,40,SONIPAT,BARHI,HR69C0189,,,,"SHARMA TRNSPOT",3000,,,,,,,,
675,23/04/24,MSC,,,,CARU9775316,40,SONIPAT,BARHI,HR69C0179,,,,"SHARMA TRNSPOT",3000,,,,,,,,
676,23/04/24,MSC,,,,MEDU4508944,40,SONIPAT,BARHI,HR73A6208,,,,"SHARMA TRNSPOT",3000,,,,,,,,
677,23/04/24,MSC,,,,CAIU8223810,40,SONIPAT,BARHI,HR73A6208,,,,"SHARMA TRNSPOT",3000,,,,,,,,
678,23/04/24,MSC,,,,TCLU5280371,40,SONIPAT,BARHI,HR69C0189,,,,"SHARMA TRNSPOT",3000,,,,,,,,
679,23/04/24,MSC,,,,MSNU7406835,40,SONIPAT,BARHI,HR69C0189,,,,"SHARMA TRNSPOT",3000,,,,,,,,
680,23/04/24,MSC,,,,TGBU7952723,40,SONIPAT,BARHI,HR73A6208,,,,"SHARMA TRNSPOT",3000,,,,,,,,
681,23/04/24,MSC,,,,MSMU8469726,40,SONIPAT,BARHI,HR69C0179,,,,"SHARMA TRNSPOT",3000,,,,,,,,
682,23/04/24,MSC,,,,TLLU8548764,40,SONIPAT,BARHI,HR69C0189,,,,"SHARMA TRNSPOT",3000,,,,,,,,
683,23/04/24,MSC,,,,CAIU4765324,40,SONIPAT,BARHI,HR73A6208,,,,"SHARMA TRNSPOT",3000,,,,,,,,
684,23/04/24,MSC,,,,MSMU5271022,40,SONIPAT,BARHI,HR69C0179,,,,"SHARMA TRNSPOT",3000,,,,,,,,
685,23/04/24,MSC,,,,MEDU8996960,40,SONIPAT,BARHI,HR69C0189,,,,"SHARMA TRNSPOT",3000,,,,,,,,
686,23/04/24,MSC,,,,TCNU8169369,40,SONIPAT,BARHI,HR73A6208,,,,"SHARMA TRNSPOT",3000,,,,,,,,
687,23/04/24,MSC,,,,P,40,SONIPAT,BARHI,,,,,,,,,,,,,,
688,24/04/24,EMRATES,,,,GESU3456724,40,PATHLI,SONIPAT,HR55AC0354,,,,SONU,3750,,,,,,,,
689,24/04/24,EMRATES,,,,ESDU1240501,40,PATHLI,SONIPAT,HR55AC0354,,,,SONU,3750,,,,,,,,
690,24/04/24,EMRATES,,,,DRYU2386169,40,PATHLI,SONIPAT,HR55X6068,,,,RTC,3750,,,,,,,,
691,24/04/24,EMRATES,,,,DRYU2908978,40,PATHLI,SONIPAT,HR55X6068,,,,RTC,3750,,,,,,,,
692,24/04/24,EMRATES,,,,DRYU2926483,40,PATHLI,SONIPAT,HR55AC4187,,,,SONU,3750,,,,,,,,
693,24/04/24,EMRATES,,,,DFSU1563830,40,PATHLI,SONIPAT,HR55AC4187,,,,SONU,3750,,,,,,,,
694,24/04/24,EMRATES,,,,ESDU3305807,40,PATHLI,SONIPAT,HR55V0354,,,,SONU,3750,,,,,,,,
695,24/04/24,EMRATES,,,,ESDU1251954,40,PATHLI,SONIPAT,HR55V0354,,,,SONU,3750,,,,,,,,
696,24/04/24,EGI,,,,EMCU8430598,40,DADRI,GDL,HR58B8261,,,,BC,6000,,,,,,,,
697,24/04/24,EGI,,,,TRHU8973473,40,DADRI,GDL,HR38W5911,,,,"SK LOG",6000,,,,,,,,
698,24/04/24,EGI,,,,EITU9384955,40,DADRI,GDL,HR55U3858,,,,"SK LOG",6000,,,,,,,,
699,24/04/24,EGI,,,,TXGU5546610,40,DADRI,GDL,HR55W6887,,,,"SK LOG",6000,,,,,,,,
700,24/04/24,EGI,,,,EITU1281760,40,DADRI,GDL,HR38U9077,,,,"RAI TRPT",6000,,,,,,,,
701,24/04/24,EGI,,,,DRYU9258030,40,DADRI,GDL,NL01AG3461,,,,"RAI TRPT",6000,,,,,,,,
702,24/04/24,CMA,,EAMC2402516,,CMAU7888161,40,DADRI,PALWAL,NL01AG9554,,,,JITENDER,4500,,,,,,,,
703,24/04/24,CMA,,EAMC2402516,,TEMU7401063,40,DADRI,PALWAL,NL01AG1247,,,,JITENDER,4500,,,,,,,,
704,24/04/24,CMA,,EAMC2402516,,GESU6530039,40,DADRI,PALWAL,HR38U9077,,,,"RAI TRPT",4500,,,,,,,,
705,24/04/24,CMA,,EAMC2402516,,CMAU7070452,40,DADRI,PALWAL,NL01L0090,,,,OJHA,4500,,,,,,,,
706,24/04/24,CMA,,EAMC2402516,,CMAU5674670,40,DADRI,PALWAL,NL01AG3461,,,,"RAI TRPT",4500,,,,,,,,
707,24/04/24,CMA,,EAMC2402522,,TCNU2244866,40,BARHI,JODHPUR,RJ19GG6099,,,,RAJDHANI,17000,,,,,,,,
708,24/04/24,CMA,,EAMC2402522,,BMOU640279,40,BARHI,JODHPUR,RJ36GA3314,,,,RAJDHANI,17000,,,,,,,,
709,24/04/24,CMA,,EAMC2402522,,SEGU6434359,40,BARHI,JODHPUR,GJ12AZ7267,,,,RAJDHANI,17000,,,,,,,,
710,24/04/24,CMA,,EAMC2402522,,BEAU4063154,40,BARHI,JODHPUR,GJ12BZ0388,,,,RAJDHANI,17000,,,,,,,,
711,24/04/24,CMA,,EAMC2402522,,TGBU5064873,40,BARHI,JODHPUR,RJ19GG3374,,,,RAJDHANI,17000,,,,,,,,
712,24/04/24,CMA,,EAMC2402522,,GESU1381164,20,BARHI,JODHPUR,GJ08Y8085,,,,RAJDHANI,8500,,,,,,,,
713,24/04/24,CMA,,EAMC2402522,,APZU2100688,20,BARHI,JODHPUR,GJ08Y8085,,,,RAJDHANI,8500,,,,,,,,
714,24/04/24,MSC,,,,MSCU6570687,20,TKD,NK/TKD,NL01L0318,,,,,,,,,,,,,
715,24/04/24,MSC,,,,MSCU3240382,20,TKD,NK/TKD,NL01L0318,,,,,,,,,,,,,
716,24/04/24,MSC,,,,MSCU1486465,20,TKD,NK/TKD,NL01L0318,,,,,,,,,,,,,
717,24/04/24,MSC,,,,MSMU1704253,20,PALWAL,SONIPAT,HR55R3372,,,,MMT,4500,,,,,,,,
718,24/04/24,MSC,,,,CAIU6882973,20,PALWAL,SONIPAT,HR55R3372,,,,MMT,4500,,,,,,,,
719,24/04/24,MSC,,,,FCIU2637791,20,PALWAL,SONIPAT,HR55S6258,,,,GULJARI,4500,,,,,,,,
720,24/04/24,MSC,,,,DRYU2134613,20,PALWAL,SONIPAT,HR55S6258,,,,GULJARI,4500,,,,,,,,
721,24/04/24,MSC,,,,MSMU2599717,20,PALWAL,SONIPAT,HR55U4531,,,,PATHAK,4500,,,,,,,,
722,24/04/24,MSC,,,,MSMU1699516,20,PALWAL,SONIPAT,HR55U4531,,,,PATHAK,4500,,,,,,,,
723,24/04/24,MSC,,,,FCIU3092947,20,PALWAL,SONIPAT,HR55U7328,,,,PATHAK,4500,,,,,,,,
724,24/04/24,MSC,,,,MSDU2367680,20,PALWAL,SONIPAT,HR55U7328,,,,PATHAK,4500,,,,,,,,
725,24/04/24,MSC,,,,MSMU2336876,20,PALWAL,SONIPAT,NL01AG3638,,,,PATHAK,4500,,,,,,,,
726,24/04/24,MSC,,,,FBIU0191728,20,PALWAL,SONIPAT,NL01AG3638,,,,PATHAK,4500,,,,,,,,
727,24/04/24,TASS,,,,SEGU1967416,20,PIYALA,DADRI,HR58B8261,,,,BC,2500,,,,,,,,
728,24/04/24,TASS,,,,TLXU2022403,20,PIYALA,DADRI,HR58B8261,,,,BC,2500,,,,,,,,
729,25/04/24,TASS,,,,BSIU2860800,20,PIYALA,DADRI,NL0L0318,,,,BC,2500,,,,,,,,
730,25/04/24,TASS,,,,SEGU1326161,20,PIYALA,DADRI,NL0L0318,,,,BC,2500,,,,,,,,
731,25/04/24,MSC,,,,P,40,JATTIPUR,JCT/DADRI,,,,,,,,,,,,,,
732,25/04/24,EGI,,,,TCNU2144086,40,MBD,GDL,HR69C5924/DADRI,,,GJ12BZ8930/HINDUSTAN/5000/GDL,"RAMAN CARGO",4200,,,,,,,,
733,25/04/24,EGI,,,,FCIU7504071,40,MBD,GDL,NL01AG1246,,,,JITENDER,11000,,,,,,,,
734,25/04/24,MSC,,,,TCNU7951434,40,SONIPAT,PATHLI,HR55V0354,,,,SONU,5000,,,,,,,,
735,25/04/24,MSC,,,,P,40,SONIPAT,PATHLI,,,,,,,,,,,,,,
736,25/04/24,MSC,,,,P,40,SONIPAT,PATHLI,,,,,,,,,,,,,,
737,25/04/24,MSC,,,,P,40,SONIPAT,PATHLI,,,,,,,,,,,,,,
738,25/04/24,MSC,,,,P,40,SONIPAT,PATHLI,,,,,,,,,,,,,,
739,25/04/24,MSC,,,,P,40,SONIPAT,PATHLI,,,,,,,,,,,,,,
740,25/04/24,MSC,,,,P,40,SONIPAT,PATHLI,,,,,,,,,,,,,,
741,25/04/24,MSC,,,,P,40,SONIPAT,PATHLI,,,,,,,,,,,,,,
742,25/04/24,MSC,,,,P,40,SONIPAT,PATHLI,,,,,,,,,,,,,,
743,25/04/24,MSC,,,,P,40,SONIPAT,PATHLI,,,,,,,,,,,,,,
744,25/04/24,MSC,,,,TEMU7977167,40,SONIPAT,DADRI,NL01N3343,,,,"SK LOG",4500,,,,,,,,
745,25/04/24,MSC,,,,CXDU2058506,40,SONIPAT,DADRI,HR55W6887,,,,"SK LOG",4500,,,,,,,,
746,25/04/24,MSC,,,,MSMU8849407,40,SONIPAT,DADRI,NL01N3343,,,,"SK LOG",4500,,,,,,,,
747,25/04/24,MSC,,,,GLDU7370570,40,SONIPAT,DADRI,NL01AF6914,,,,SUBHASH,4500,,,,,,,,
748,25/04/24,MSC,,,,P,40,SONIPAT,DADRI,,,,,,,,,,,,,,
749,25/04/24,MSC,,,,P,40,SONIPAT,DADRI,,,,,,,,,,,,,,
750,25/04/24,MSC,,,,P,40,SONIPAT,DADRI,,,,,,,,,,,,,,
751,25/04/24,MSC,,,,P,40,SONIPAT,DADRI,,,,,,,,,,,,,,
752,25/04/24,MSC,,,,P,40,SONIPAT,DADRI,,,,,,,,,,,,,,
753,25/04/24,MSC,,,,P,40,SONIPAT,DADRI,,,,,,,,,,,,,,
754,25/04/24,MSC,,,,P,40,SONIPAT,DADRI,,,,,,,,,,,,,,
755,25/04/24,MSC,,,,P,40,SONIPAT,DADRI,,,,,,,,,,,,,,
756,25/04/24,MSC,,,,P,40,SONIPAT,DADRI,,,,,,,,,,,,,,
757,25/04/24,MSC,,,,P,40,SONIPAT,DADRI,,,,,,,,,,,,,,
758,25/04/24,MSC,,,,P,40,SONIPAT,DADRI,,,,,,,,,,,,,,
759,25/04/24,MSC,,,,P,40,SONIPAT,DADRI,,,,,,,,,,,,,,
760,25/04/24,MSC,,,,P,40,SONIPAT,DADRI,,,,,,,,,,,,,,
761,25/04/24,MSC,,,,P,40,SONIPAT,DADRI,,,,,,,,,,,,,,
762,25/04/24,MSC,,,,P,40,SONIPAT,DADRI,,,,,,,,,,,,,,
763,25/04/24,MSC,,,,P,40,SONIPAT,DADRI,,,,,,,,,,,,,,
764,25/04/24,MSC,,,,TCNU1431190,40,PALWAL,DADRI,NL01AG1247,,,,JITENDER,5000,,,,,,,,
765,25/04/24,MSC,,,,MSMU4786743,40,PALWAL,DADRI,NL01AG9554,,,,JITENDER,5000,,,,,,,,
766,25/04/24,MSC,,,,MEDU4817291,40,PALWAL,DADRI,NL01AG9554,,,,JITENDER,5000,,,,,,,,
767,25/04/24,MSC,,,,MEDU7402030,40,PALWAL,DADRI,NL01AG1247,,,,JITENDER,5000,,,,,,,,
768,25/04/24,MSC,,,,MEDU7309674,40,PALWAL,DADRI,NL01L0090,,,,"OJHA JI",5000,,,,,,,,
769,25/04/24,MSC,,,,TCNU8181106,40,PALWAL,DADRI,HR38U9077,,,,SANTOSH,5000,,,,,,,,
770,25/04/24,MSC,,,,FFAU4147097,40,PALWAL,DADRI,NL01AG3461,,,,SANTOSH,5000,,,,,,,,
771,25/04/24,MSC,,,,MSMU7591215,40,PALWAL,DADRI,NL01Q4404,,,,DK,5000,,,,,,,,
772,25/04/24,MSC,,,,MSDU5022933,40,PALWAL,DADRI,NL01Q4324,,,,DK,5000,,,,,,,,
773,25/04/24,MSC,,,,MSDU7340358,40,PALWAL,DADRI,NL01Q4329,,,,DK,5000,,,,,,,,
774,25/04/24,MSC,,,,MSDU7071011,40,PALWAL,DADRI,HR69B6314,,,,DK,5000,,,,,,,,
775,25/04/24,MSC,,,,P,40,PALWAL,DADRI,,,,,,,,,,,,,,
776,25/04/24,MSC,,,,P,40,PALWAL,DADRI,,,,,,,,,,,,,,
777,25/04/24,MSC,,,,P,40,PALWAL,DADRI,,,,,,,,,,,,,,
778,25/04/24,MSC,,,,P,40,PALWAL,DADRI,,,,,,,,,,,,,,
779,25/04/24,MSC,,,,P,40,PALWAL,DADRI,,,,,,,,,,,,,,
780,25/04/24,MSC,,,,P,40,PALWAL,DADRI,,,,,,,,,,,,,,
781,25/04/24,MSC,,,,P,40,PALWAL,DADRI,,,,,,,,,,,,,,
782,25/04/24,MSC,,,,P,40,PALWAL,DADRI,,,,,,,,,,,,,,
783,25/04/24,MSC,,,,P,40,PALWAL,DADRI,,,,,,,,,,,,,,
784,25/04/24,EMRATES,,,,ESDU4032158,40,PATHLI,DADRI,HR63B4767,,,,"JAY KUMAR",7000,,,,,,,,
785,25/04/24,EMRATES,,,,ESDU4028899,40,PATHLI,DADRI,HR63D9889,,,,SUMANT,7000,,,,,,,,
786,25/04/24,EMRATES,,,,DRYU9879803,40,PATHLI,DADRI,HR58B8261,,,,BC,7000,,,,,,,,
787,25/04/24,EMRATES,,,,TCNU4389724,40,PATHLI,DADRI,HR38V7269,,,,"RAY TRPT",7000,,,,,,,,
788,25/04/24,EMRATES,,,,DFSU6965724,40,PATHLI,DADRI,HR46E5052,,,,"OJHA JI",7000,,,,,,,,
789,25/04/24,EMRATES,,,,DRYU9865374,40,PATHLI,DADRI,HR58B8261,,,,BC,7000,,,,,,,,
790,25/04/24,EMRATES,,,,P,40,PATHLI,DADRI,,,,,,,,,,,,,,
791,25/04/24,EMRATES,,,,P,40,PATHLI,DADRI,,,,,,,,,,,,,,
792,25/04/24,EMRATES,,,,P,40,PATHLI,DADRI,,,,,,,,,,,,,,
793,25/04/24,EMRATES,,,,P,40,PATHLI,DADRI,,,,,,,,,,,,,,
794,25/04/24,EGI,,,,TCKU6095025,40,DADRI,GDL,HR38U9077,,,,"RAI TRPT",6000,,,,,,,,
795,25/04/24,EGI,,,,EGHU8310094,40,DADRI,GDL,HR55S3708,,,,KARAN,6000,,,,,,,,
796,25/04/24,EGI,,,,EITU9244402,40,DADRI,GDL,HR38V7269,,,,"RAI TRPT",6000,,,,,,,,
797,25/04/24,EGI,,,,EGHU8516064,40,DADRI,GDL,HR55S3708,,,,KARAN,6000,,,,,,,,
798,25/04/24,EGI,,,,EITU1462732,40,DADRI,GDL,HR46E5052,,,,RAJESH,6000,,,,,,,,
799,25/04/24,EGI,,,,EMCU8215363,40,DADRI,GDL,RJ01GC2553,,,,GANPATI,6000,,,,,,,,
800,25/04/24,MSC,,,,MSDU2704781,20,PALWAL,SONIPAT,HR55R3372,,,,MMT,4500,,,,,,,,
801,25/04/24,MSC,,,,MSDU1733532,20,PALWAL,SONIPAT,HR55R3372,,,,MMT,4500,,,,,,,,
802,25/04/24,MSC,,,,MSNU1454836,20,PALWAL,SONIPAT,HR55S6258,,,,GULJARI,4500,,,,,,,,
803,25/04/24,MSC,,,,MSMU3346396,20,PALWAL,SONIPAT,HR55S6258,,,,GULJARI,4500,,,,,,,,
804,25/04/24,MSC,,,,MEDU1344092,20,PALWAL,SONIPAT,NL01AC7739,,,,SANTOSH,4500,,,,,,,,
805,25/04/24,MSC,,,,MSMU2087290,20,PALWAL,SONIPAT,NL01AC7739,,,,SANTOSH,4500,,,,,,,,
806,26/04/24,EGI,,,,EMCU8430303,40,MORADABAD,GDL,NL01AG1247,,,,JITENDER,11000,,,,,,,,
807,26/04/24,EGI,,,,DRYU9542200,40,MORADABAD,GDL,NL01AG9554,,,,JITENDER,11000,,,,,,,,
808,26/04/24,EGI,,,,EMCU9465541,40,DADRI,GDL,HR38V7269,,,,"RAI TRPT",6000,,,,,,,,
809,26/04/24,EGI,,,,TXGU5728553,40,DADRI,GDL,HR58B8261,,,,BC,6000,,,,,,,,
810,26/04/24,EGI,,,,TGBU7273893,40,DADRI,GDL,HR58B8261,,,,BC,6000,,,,,,,,
811,26/04/24,EGI,,,,EGHU9794856,40,DADRI,GDL,NL01AG3461,,,,"RAI TRPT",6000,,,,,,,,
812,26/04/24,EGI,,,,EITU1014234,40,DADRI,GDL,HR55S3708,,,,KARAN,6000,,,,,,,,
813,26/04/24,EMRATES,,,,FBLU0074860,40,MBD,DADRI,NL01AG9555,,,,JITENDER,4500,,,,,,,,
814,26/04/24,EMRATES,,,,ESPU8039477,40,MBD,DADRI,HR69C5924,,,,"RAMAN CARGO",4500,,,,,,,,
815,26/04/24,EMRATES,,,,DRYU9881781,40,MBD,DADRI,NL01AG9164,,,,"RAMAN CARGO",4500,,,,,,,,
816,26/04/24,EMRATES,,,,CLHU9038122,40,MBD,DADRI,HR38T4541,,,,SUBHASH,4500,,,,,,,,
817,26/04/24,EMRATES,,,,P,40,MBD,DADRI,,,,,,,,,,,,,,
818,26/04/24,MSC,,,,TCLU6923322,20,PALWAL,SONIPAT,HR55U7328,,,,PATHAK,4500,,,,,,,,
819,26/04/24,MSC,,,,MEDU1811751,20,PALWAL,SONIPAT,HR55U7328,,,,PATHAK,4500,,,,,,,,
820,26/04/24,MSC,,,,MEDU6512938,20,PALWAL,SONIPAT,NL01AG3638,,,,PATHAK,4500,,,,,,,,
821,26/04/24,MSC,,,,MEDU1149835,20,PALWAL,SONIPAT,NL01AG3638,,,,PATHAK,4500,,,,,,,,
822,26/04/24,MSC,,,,BMOU2202996,20,PALWAL,SONIPAT,HR55U4531,,,,PATHAK,4500,,,,,,,,
823,26/04/24,MSC,,,,GLDU9310435,20,PALWAL,SONIPAT,HR55U4531,,,,PATHAK,4500,,,,,,,,
824,27/04/24,MSC,,,,TEMU2102305,20,PALWAL,SONIPAT,HR55R3372,,,,MMT,4500,,,,,,,,
825,27/04/24,MSC,,,,TEMU2271630,20,PALWAL,SONIPAT,HR55R3372,,,,MMT,4500,,,,,,,,
826,27/04/24,MSC,,,,TGBU2494309,20,PALWAL,SONIPAT,HR55S6258,,,,GULJARI,4500,,,,,,,,
827,27/04/24,MSC,,,,FCIU3062449,20,PALWAL,SONIPAT,HR55S6258,,,,GULJARI,4500,,,,,,,,
828,27/04/24,MSC,,,,TLLU2350160,20,PALWAL,SONIPAT,HR55R3372,,,,MMT,4500,,,,,,,,
829,27/04/24,MSC,,,,MEDU6344346,20,PALWAL,SONIPAT,HR55R3372,,,,MMT,4500,,,,,,,,
830,29/04/24,TASS,,,,TLXU4004266,40,PIYALA,DADRI,NL01L0318,,,,BC,5000,,,,,,,,
831,29/04/24,EMRATES,,,,P,40,PATHLI,DADRI,,,,,,,,,,,,,,
832,29/04/24,EMRATES,,,,P,40,PATHLI,DADRI,,,,,,,,,,,,,,
833,29/04/24,MSC,,,,MSDU8400209,40,KASHIPUR,MORADABAD,NL01AG8654,,,,DLPL,6000,,,,,,,,
834,29/04/24,MSC,,,,MSDU5665251,40,KASHIPUR,MORADABAD,UK06CB0297,,,,DLPL,6000,,,,,,,,
835,29/04/24,MSC,,,,MSDU8183124,40,KASHIPUR,MORADABAD,NL01AG8654,,,,DLPL,6000,,,,,,,,
836,29/04/24,MSC,,,,MEDU7957574,40,KASHIPUR,MORADABAD,NL01L1628,,,,DLPL,6000,,,,,,,,
837,29/04/24,MSC,,,,MEDU7536791,40,KASHIPUR,MORADABAD,UK06CB0297,,,,DLPL,6000,,,,,,,,
838,29/04/24,MSC,,,,FFAU2376263,40,KASHIPUR,MORADABAD,NL01K8033,,,,DLPL,6000,,,,,,,,
839,29/04/24,MSC,,,,MSDU7107198,40,KASHIPUR,MORADABAD,HR55N3447,,,,DLPL,6000,,,,,,,,
840,29/04/24,MSC,,,,BMOU6773123,40,KASHIPUR,MORADABAD,HR55N3447,,,,DLPL,6000,,,,,,,,
841,29/04/24,MSC,,,,TEMU6883844,40,KASHIPUR,MORADABAD,UK06CA9807,,,,DLPL,6000,,,,,,,,
842,29/04/24,MSC,,,,DFSU6601424,40,KASHIPUR,MORADABAD,NL01L1628,,,,DLPL,6000,,,,,,,,
843,29/04/24,MSC,,,,MEDU3366038,20,PALWAL,SONIPAT,HR55U7328,,,,PATHAK,4500,,,,,,,,
844,29/04/24,MSC,,,,CAIU2758033,20,PALWAL,SONIPAT,HR55U7328,,,,PATHAK,4500,,,,,,,,
845,29/04/24,MSC,,,,MEDU5256169,20,PALWAL,SONIPAT,NL01AC7739,,,,SANTOSH,4500,,,,,,,,
846,29/04/24,MSC,,,,MSMU1797174,20,PALWAL,SONIPAT,NL01AC7739,,,,SANTOSH,4500,,,,,,,,
847,29/04/24,MSC,,,,SEKU1307042,20,PALWAL,SONIPAT,HR55U4531,,,,PATHAK,4500,,,,,,,,
848,29/04/24,MSC,,,,BMOU2357806,20,PALWAL,SONIPAT,HR55U4531,,,,PATHAK,4500,,,,,,,,
849,29/04/24,MSC,,,,MSDU1760456,20,PALWAL,SONIPAT,NL01AG3638,,,,PATHAK,4500,,,,,,,,
850,29/04/24,MSC,,,,MEDU1894972,20,PALWAL,SONIPAT,NL01AG3638,,,,PATHAK,4500,,,,,,,,
851,29/04/24,MSC,,,,MEDU4931220,40,SONIPAT,BARHI,HR69C0189,,,,"SHARMA TRNSPRT",2500,,,,,,,,
852,29/04/24,MSC,,,,MEDU7452748,40,SONIPAT,BARHI,NL01AC7739,,,,SANTOSH,2500,,,,,,,,
853,29/04/24,MSC,,,,MSDU8168198,40,SONIPAT,BARHI,HR73A6208,,,,"SHARMA TRNSPRT",2500,,,,,,,,
854,29/04/24,MSC,,,,MSMU6977327,40,SONIPAT,BARHI,HR58B9442,,,,"SHARMA TRNSPRT",2500,,,,,,,,
855,29/04/24,MSC,,,,MSMU6900074,40,SONIPAT,BARHI,HR73A6208,,,,"SHARMA TRNSPRT",2500,,,,,,,,
856,29/04/24,HAPAG,,10825832,,FANU1723016,40,SONIPAT,PIYALA,HR55R3372,,,,MMD,9000,,,,,,,,
857,29/04/24,HAPAG,,10825832,,UACU5852774,40,SONIPAT,PIYALA,HR55S6258,,,,,,,,,,,,,
858,29/04/24,HAPAG,,10825832,,CAIU8485738,40,SONIPAT,PIYALA,HR55R3372,,,,,,,,,,,,,
859,29/04/24,HAPAG,,10825832,,P,40,SONIPAT,PIYALA,,,,,,,,,,,,,,
860,29/04/24,HAPAG,,10825832,,P,40,SONIPAT,PIYALA,,,,,,,,,,,,,,
861,29/04/24,HAPAG,,10825832,,P,40,SONIPAT,PIYALA,,,,,,,,,,,,,,
862,29/04/24,HAPAG,,10825832,,P,40,SONIPAT,PIYALA,,,,,,,,,,,,,,
863,29/04/24,HAPAG,,10825832,,P,40,SONIPAT,PIYALA,,,,,,,,,,,,,,
864,29/04/24,HAPAG,,10825832,,P,40,SONIPAT,PIYALA,,,,,,,,,,,,,,
865,29/04/24,HAPAG,,10825832,,P,40,SONIPAT,PIYALA,,,,,,,,,,,,,,
866,29/04/24,EMRATES,,,,P,40,MBD,DADRI,,,,,,,,,,,,,,
867,29/04/24,EMRATES,,,,P,40,MBD,DADRI,,,,,,,,,,,,,,
868,30/04/24,MSC,,,,CAXU8030561,40,SONIPAT,BARHI,HR55U7328,,,"PANKAJ JHA",PATHAK,2100,,,,,,,,
869,30/04/24,MSC,,,,GLDU7620513,40,SONIPAT,BARHI,HR55U7328,,,"PANKAJ JHA",PATHAK,2100,,,,,,,,
870,30/04/24,MSC,,,,TCNU2375866,40,SONIPAT,BARHI,HR55U7328,,,"PANKAJ JHA",PATHAK,2100,,,,,,,,
871,30/04/24,MSC,,,,BMOU4488981,40,SONIPAT,BARHI,HR55U7328,,,"PANKAJ JHA",PATHAK,2100,,,,,,,,
872,30/04/24,MSC,,,,TGBU7945977,40,SONIPAT,BARHI,HR55U7328,,,"PANKAJ JHA",PATHAK,2100,,,,,,,,
873,30/04/24,MSC,,,,GATU8663518,40,SONIPAT,BARHI,HR56U4531,,,"PANKAJ JHA",PATHAK,2100,,,,,,,,
874,30/04/24,MSC,,,,TCNU9083784,40,SONIPAT,BARHI,HR56U4531,,,"PANKAJ JHA",PATHAK,21002100,,,,,,,,
875,30/04/24,MSC,,,,TTNU9542952,40,SONIPAT,BARHI,HR56U4531,,,"PANKAJ JHA",PATHAK,2100,,,,,,,,
876,30/04/24,MSC,,,,CLHU9008940,40,SONIPAT,BARHI,HR56U4531,,,"PANKAJ JHA",PATHAK,2100,,,,,,,,
877,30/04/24,MSC,,,,BSIU9107255,40,SONIPAT,BARHI,HR56U4531,,,"PANKAJ JHA",PATHAK,2100,,,,,,,,
878,30/04/24,MSC,,,,CAXU9126610,40,SONIPAT,BARHI,NL01AG3638,,,"PANKAJ JHA",PATHAK,2100,,,,,,,,
879,30/04/24,MSC,,,,TCNU8514315,40,SONIPAT,BARHI,NL01AG3638,,,"PANKAJ JHA",PATHAK,2100,,,,,,,,
880,30/04/24,MSC,,,,FCIU8095661,40,SONIPAT,BARHI,NL01AG3638,,,"PANKAJ JHA",PATHAK,2100,,,,,,,,
881,30/04/24,MSC,,,,TCLU9414798,40,SONIPAT,BARHI,NL01AG3638,,,"PANKAJ JHA",PATHAK,2100,,,,,,,,
882,30/04/24,MSC,,,,TCNU8276198,40,SONIPAT,BARHI,NL01AG3638,,,"PANKAJ JHA",PATHAK,2100,,,,,,,,
883,30/04/24,MSC,,,,INKU6546731,40,SONIPAT,BARHI,NL01AC7739,,,"PANKAJ JHA","SANTOSH RAI",2500,,,,,,,,
884,30/04/24,MSC,,,,FCIU8730772,40,SONIPAT,BARHI,NL01AC7739,,,"PANKAJ JHA","SANTOSH RAI",2500,,,,,,,,
885,30/04/24,MSC,,,,DRYU9522400,40,SONIPAT,BARHI,NL01AC7739,,,"PANKAJ JHA","SANTOSH RAI",2500,,,,,,,,
886,30/04/24,MSC,,,,TGHU9408475,40,SONIPAT,BARHI,NL01AC7739,,,"PANKAJ JHA","SANTOSH RAI",2500,,,,,,,,
887,30/04/24,MSC,,,,BMOU4628342,40,SONIPAT,BARHI,NL01AC7739,,,"PANKAJ JHA","SANTOSH RAI",2500,,,,,,,,
888,30/04/24,CMA,,EAMC2402610,,P,20,JATTIPUR,TKD,,,,"PATHAK JI",PRIYANKA,4500,,,,,,,,
889,30/04/24,CMA,,EAMC2402610,,P,20,JATTIPUR,TKD,RJ11GC7229,,,"PATHAK JI",PRIYANKA,4500,,,,,,,,
890,30/04/24,CMA,,EAMC2402610,,P,20,JATTIPUR,TKD,,,,"PATHAK JI",,,,,,,,,,
891,30/04/24,CMA,,EAMC2402610,,P,20,JATTIPUR,TKD,,,,"PATHAK JI",,,,,,,,,,
892,30/04/24,CMA,,EAMC2402610,,P,20,JATTIPUR,TKD,,,,"PATHAK JI",,,,,,,,,,
893,30/04/24,CMA,,EAMC2402610,,P,20,JATTIPUR,TKD,,,,"PATHAK JI",,,,,,,,,,
894,30/04/24,CMA,,EAMC2402610,,P,20,JATTIPUR,TKD,,,,"PATHAK JI",,,,,,,,,,
895,30/04/24,CMA,,EAMC2402610,,P,20,JATTIPUR,TKD,,,,"PATHAK JI",,,,,,,,,,
896,30/04/24,CMA,,EAMC2402610,,P,20,JATTIPUR,TKD,,,,"PATHAK JI",,,,,,,,,,
897,30/04/24,CMA,,EAMC2402610,,P,20,JATTIPUR,TKD,,,,"PATHAK JI",,,,,,,,,,
898,30/04/24,HMM,,,,KOCU4779220,40,DADRI,LUDHIANA,NL01L2324,,,"PATHAK JI",RAJESH,34000,,,,,,,,
899,30/04/24,HMM,,,,HMMU6468262,40,DADRI,LUDHIANA,HR55W6887/DICT,,HR55V6787/AMRENDAR/18000,"PATHAK JI","SK LOG",7000,,,,,,,,
900,30/04/24,HMM,,,,BSIU9191590,40,DADRI,LUDHIANA,NL01N3343/DICT,,,"PATHAK JI","SK LOG",7000,,,,,,,,
901,30/04/24,HMM,,,,KOCU4664832,40,DADRI,LUDHIANA,NL01N3343/DICT,,HR55V0451/AMRENDAR/18000,"PATHAK JI","SK LOG",,,,,,,,,
902,30/04/24,HMM,,,,KOCU5213725,40,DADRI,LUDHIANA,HR38T2370,,,"PATHAK JI","SK LOG",,,,,,,,,
903,30/04/24,HMM,,,,CAIU9880737,40,DADRI,LUDHIANA,GJ39T3128/DICT,,"NL01Q2078/NISHA ROADLINE/18000","PATHAK JI",HINDUSTAN,,,,,,,,,
904,30/04/24,HMM,,,,HMMU6204803,40,DADRI,LUDHIANA,HR46E5052,,,"PATHAK JI",RAJESH,,,,,,,,,
905,30/04/24,HMM,,,,DFSU7028615,40,DADRI,LUDHIANA,NL01L0318,,,"PATHAK JI",BC,,,,,,,,,
906,30/04/24,HMM,,,,KOCU4679370,40,DADRI,LUDHIANA,HR58B8261,,"NL01AG8695/JAY KUMAR/ 18000","PATHAK JI",BC,,,,,,,,,
907,30/04/24,HMM,,,,CAIU7444312,40,DADRI,LUDHIANA,NL01Q2061/DICT,,,"PATHAK JI","BHATIA TRNSPRT [MANOJ0",,,,,,,,,
908,30/04/24,CMA,,EAMC2406515,,TRHU5568991,40,CFS,JAIPUR,,,,"PATHAK JI",,,,,,,,,,
909,30/04/24,CMA,,EAMC2406515,,SEKU6419976,40,CFS,JAIPUR,RJ14GG1211,,,"PATHAK JI",GANPATO,9000,,,,,,,,
910,30/04/24,CMA,,EAMC2406515,,CMAU7662148,40,CFS,JAIPUR,,,,"PATHAK JI",,,,,,,,,,
911,30/04/24,CMA,,EAMC2406515,,CMAU7839887,40,CFS,JAIPUR,,,,"PATHAK JI",,,,,,,,,,
912,30/04/24,CMA,,EAMC2406515,,SEKU6243629,40,CFS,JAIPUR,,,,"PATHAK JI",,,,,,,,,,
913,29/04/24,BOXCO,,,,UETU2194648,20,DADRI,SONPAT,HR38AE7963,,,"PANKAJ JHA",,,,,,,,,,
914,29/04/24,BOXCO,,,,TRHU2341047,20,DADRI,SONPAT,HR38AE7963,,,"PANKAJ JHA",,,,,,,,,,
915,29/04/24,BOXCO,,,,APZU3743550,20,DADRI,SONPAT,HR58D8964,,,"PANKAJ JHA",,,,,,,,,,
916,29/04/24,BOXCO,,,,CMAU0904126,20,DADRI,SONPAT,HR58D8964,,,"PANKAJ JHA",,,,,,,,,,
917,29/04/24,EXCELESIOR,,,,CAXU9999625,40,DADRI,PIYALA,HR38AE1765,,,"PANKAJ JHA",,,,,,,,,,
918,1/05/24,MSC,,,,TLLU5411551,40,KASHIPUR,MORADABAD,NL01L1628,,,"PANKAJ JHA",DLPL,6000,,,,,,,,
919,1/05/24,MSC,,,,MEDU7219945,40,KASHIPUR,MORADABAD,NL01L1628,,,"PANKAJ JHA",DLPL,6000,,,,,,,,
920,1/05/24,MSC,,,,MEDU8867310,40,KASHIPUR,MORADABAD,HR55N3447,,,"PANKAJ JHA",DLPL,6000,,,,,,,,
921,1/05/24,MSC,,,,TRHU7458571,40,KASHIPUR,MORADABAD,UK06CB0297,,,"PANKAJ JHA",DLPL,6000,,,,,,,,
922,1/05/24,MSC,,,,TCNU7110073,40,KASHIPUR,MORADABAD,UK06CB0297,,,"PANKAJ JHA",DLPL,6000,,,,,,,,
923,1/05/24,MSC,,,,MEDU8416569,40,KASHIPUR,MORADABAD,NL01AG8654,,,"PANKAJ JHA",DLPL,6000,,,,,,,,
924,1/05/24,MSC,,,,TGBU5692946,40,KASHIPUR,MORADABAD,NL01K8033,,,"PANKAJ JHA",DLPL,6000,,,,,,,,
925,1/05/24,MSC,,,,TCNU3278198,40,KASHIPUR,MORADABAD,NL01L1628,,,"PANKAJ JHA",DLPL,6000,,,,,,,,
926,1/05/24,MSC,,,,MEDU7759687,40,KASHIPUR,MORADABAD,UK06CA9807,,,"PANKAJ JHA",DLPL,6000,,,,,,,,
927,1/05/24,MSC,,,,TRHU8637041,40,KASHIPUR,MORADABAD,NL01AG8654,,,"PANKAJ JHA",DLPL,6000,,,,,,,,
928,1/05/24,MSC,,,,P,40,ZIRCON/SONIPAT,BARHI,,,,"PANKAJ JHA",,,,,,,,,,
929,1/05/24,MSC,,,,P,40,ZIRCON/SONIPAT,BARHI,,,,"PANKAJ JHA",,,,,,,,,,
930,1/05/24,MSC,,,,P,40,ZIRCON/SONIPAT,BARHI,,,,"PANKAJ JHA",,,,,,,,,,
931,1/05/24,MSC,,,,P,40,ZIRCON/SONIPAT,BARHI,,,,"PANKAJ JHA",,,,,,,,,,
932,1/05/24,MSC,,,,P,40,ZIRCON/SONIPAT,BARHI,,,,"PANKAJ JHA",,,,,,,,,,
933,1/05/24,MSC,,,,P,40,ZIRCON/SONIPAT,BARHI,,,,"PANKAJ JHA",,,,,,,,,,
934,1/05/24,MSC,,,,P,40,ZIRCON/SONIPAT,BARHI,,,,"PANKAJ JHA",,,,,,,,,,
935,1/05/24,MSC,,,,P,40,ZIRCON/SONIPAT,BARHI,,,,"PANKAJ JHA",,,,,,,,,,
936,1/05/24,MSC,,,,P,40,ZIRCON/SONIPAT,BARHI,,,,"PANKAJ JHA",,,,,,,,,,
937,1/05/24,MSC,,,,P,40,ZIRCON/SONIPAT,BARHI,,,,"PANKAJ JHA",,,,,,,,,,
938,1/05/24,MSC,,,,P,40,ZIRCON/SONIPAT,BARHI,,,,"PANKAJ JHA",,,,,,,,,,
939,1/05/24,MSC,,,,P,40,ZIRCON/SONIPAT,BARHI,,,,"PANKAJ JHA",,,,,,,,,,
940,1/05/24,MSC,,,,P,40,ZIRCON/SONIPAT,BARHI,,,,"PANKAJ JHA",,,,,,,,,,
941,1/05/24,MSC,,,,P,40,ZIRCON/SONIPAT,BARHI,,,,"PANKAJ JHA",,,,,,,,,,
942,1/05/24,MSC,,,,P,40,ZIRCON/SONIPAT,BARHI,,,,"PANKAJ JHA",,,,,,,,,,
943,1/05/24,MSC,,,,P,40,ZIRCON/SONIPAT,BARHI,,,,"PANKAJ JHA",,,,,,,,,,
944,1/05/24,MSC,,,,P,40,ZIRCON/SONIPAT,BARHI,,,,"PANKAJ JHA",,,,,,,,,,
945,1/05/24,MSC,,,,P,40,ZIRCON/SONIPAT,BARHI,,,,"PANKAJ JHA",,,,,,,,,,
946,1/05/24,MSC,,,,P,40,ZIRCON/SONIPAT,BARHI,,,,"PANKAJ JHA",,,,,,,,,,
947,1/05/24,MSC,,,,P,40,ZIRCON/SONIPAT,BARHI,,,,"PANKAJ JHA",,,,,,,,,,
948,1/05/24,MSC,,,,TCNU8025660,40,WILL/SONIPAT,BARHI,NL01AC7739,,,"PANKAJ JHA",SANTOSH,2500,,,,,,,,
949,1/05/24,MSC,,,,TCNU7136102,40,WILL/SONIPAT,BARHI,NL01AC7739,,,"PANKAJ JHA",SANTOSH,2500,,,,,,,,
950,1/05/24,MSC,,,,GLDU0518670,40,WILL/SONIPAT,BARHI,NL01AC7739,,,"PANKAJ JHA",SANTOSH,2500,,,,,,,,
951,1/05/24,MSC,,,,MSMU4838596,40,WILL/SONIPAT,BARHI,NL01AC7739,,,"PANKAJ JHA",SANTOSH,2500,,,,,,,,
952,1/05/24,MSC,,,,TGHU8615312,40,WILL/SONIPAT,BARHI,NL01AC7739,,,"PANKAJ JHA",SANTOSH,2500,,,,,,,,
953,1/05/24,MSC,,,,FSCU9635676,40,WILL/SONIPAT,BARHI,NL01AC7739,,,"PANKAJ JHA","SANTOSH RAI",2500,,,,,,,,
954,1/05/24,MSC,,,,BEAU5825758,40,WILL/SONIPAT,BARHI,NL01AC7739,,,"PANKAJ JHA","SANTOSH RAI",2500,,,,,,,,
955,1/05/24,MSC,,,,MEDU8428370,40,WILL/SONIPAT,BARHI,NL01AC7739,,,"PANKAJ JHA","SANTOSH RAI",2500,,,,,,,,
956,1/05/24,MSC,,,,SEKU4005961,40,WILL/SONIPAT,BARHI,HR55U7328,,,"PANKAJ JHA","PATHAK JI",2600,,,,,,,,
957,1/05/24,MSC,,,,AMFU8884637,40,WILL/SONIPAT,BARHI,HR55U7328,,,"PANKAJ JHA","PATHAK JI",2600,,,,,,,,
958,1/05/24,MSC,,,,MEDU8774475,40,WILL/SONIPAT,BARHI,HR55U4531,,,"PANKAJ JHA","PATHAK JI",2600,,,,,,,,
959,1/05/24,MSC,,,,TGHU9136000,40,WILL/SONIPAT,BARHI,HR55U4531,,,"PANKAJ JHA","PATHAK JI",2600,,,,,,,,
960,1/05/24,MSC,,,,SEGU4726979,40,WILL/SONIPAT,BARHI,NL01AG3638,,,"PANKAJ JHA","PATHAK JI",2600,,,,,,,,
961,1/05/24,MSC,,,,TGBU5714921,40,WILL/SONIPAT,BARHI,NL01AG3638,,,"PANKAJ JHA","PATHAK JI",2600,,,,,,,,
962,1/05/24,MSC,,,,P,40,WILL/SONIPAT,BARHI,,,,"PANKAJ JHA",,,,,,,,,,
963,1/05/24,MSC,,,,FCIU5737639,20,PALWAL,SONIPAT,HR55R3372,,,"PANKAJ JHA",MMT,4750,,,,,,,,
964,1/05/24,MSC,,,,FBIU0385750,20,PALWAL,SONIPAT,HR55R3372,,,"PANKAJ JHA",MMT,4750,,,,,,,,
965,1/05/24,MSC,,,,CXDU1295951,20,PALWAL,SONIPAT,HR55S6258,,,"PANKAJ JHA",GULJARI,4500,,,,,,,,
966,1/05/24,MSC,,,,TEMU1372944,20,PALWAL,SONIPAT,HR55S6258,,,"PANKAJ JHA",GULJARI,4500,,,,,,,,
967,1/05/24,MSC,,,,FBIU0226911,20,PALWAL,SONIPAT,HR55R3372,,,"PANKAJ JHA",MMT,4750,,,,,,,,
968,1/05/24,MSC,,,,MSCU6703809,20,PALWAL,SONIPAT,HR55R3372,,,"PANKAJ JHA",MMT,4750,,,,,,,,
969,1/05/24,MSC,,,,P,20,PALWAL,SONIPAT,,,,"PANKAJ JHA",,,,,,,,,,
970,1/05/24,MSC,,,,P,20,PALWAL,SONIPAT,,,,"PANKAJ JHA",,,,,,,,,,
971,1/05/24,EMIRATES,,,,P,20,ACTL,SONIPAT,,,,"PANKAJ JHA",,,,,,,,,,
972,1/05/24,EMIRATES,,,,P,20,ACTL,SONIPAT,,,,"PANKAJ JHA",,,,,,,,,,
973,02/05/24,EGI,,,,CAIU7086266,40,DADRI,GDL,NL01AG1247,,,"PANKAJ JHA",JITENDER,6000,,,,,,,,
974,02/05/24,EGI,,,,EMCU8347837,40,DADRI,GDL,NL01AG9554,,,"PANKAJ JHA",JITENDER,6000,,,,,,,,
975,02/05/24,EGI,,,,P,40,DADRI,GDL,,,,"PANKAJ JHA",,,,,,,,,,
976,02/05/24,EGI,,,,P,40,DADRI,GDL,,,,"PANKAJ JHA",,,,,,,,,,
977,02/05/24,EGI,,,,P,40,DADRI,GDL,,,,"PANKAJ JHA",,,,,,,,,,
978,02/05/24,MSC,,,,CAIU7555300,40,JATTIPUR,JAIPUR,RJ01GC8718,,,"PANKAJ JHA","SHRI RADHE",7000,,,,,,,,
979,02/05/24,MSC,,,,P,40,JATTIPUR,JAIPUR,,,,"PANKAJ JHA",,,,,,,,,,
980,02/05/24,MSC,,,,P,40,JATTIPUR,JAIPUR,,,,"PANKAJ JHA",,,,,,,,,,
981,02/05/24,MSC,,,,P,40,JATTIPUR,JAIPUR,,,,"PANKAJ JHA",,,,,,,,,,
982,02/05/24,MSC,,,,P,40,JATTIPUR,JAIPUR,,,,"PANKAJ JHA",,,,,,,,,,
983,02/05/24,MSC,,,,P,40,JATTIPUR,JAIPUR,,,,"PANKAJ JHA",,,,,,,,,,
984,02/05/24,MSC,,,,P,40,JATTIPUR,JAIPUR,,,,"PANKAJ JHA",,,,,,,,,,
985,02/05/24,MSC,,,,P,40,JATTIPUR,JAIPUR,,,,"PANKAJ JHA",,,,,,,,,,
986,02/05/24,MSC,,,,P,40,JATTIPUR,JAIPUR,,,,"PANKAJ JHA",,,,,,,,,,
987,02/05/24,MSC,,,,P,40,JATTIPUR,JAIPUR,,,,"PANKAJ JHA",,,,,,,,,,
,
